 ,Area,Perim.,BX,BY,Width,Height,Circ.,Feret,Slice,FeretX,FeretY,FeretAngle,MinFeret,AR,Round,Solidity,Eq Diam
206,58.081,38.303,2051.713,26.503,13.575,11.635,0.497,16.968,2,3175,59,40.365,4.783,3.955,0.253,0.837,8.599478239856358
207,2.925,6.778,2709.761,95.669,1.939,2.586,0.8,2.891,2,4193,148,116.565,1.828,1.668,0.6,0.778,1.9298252947742056
208,29.249,25.883,4319.328,97.608,7.111,9.05,0.549,10.523,2,6682,153,132.51,5.297,2.189,0.457,0.753,6.1025390981098
209,3.761,8.985,2711.7,99.548,2.586,3.232,0.585,3.769,2,4195,154,120.964,2.313,1.843,0.543,0.643,2.18829932316147
210,4.596,8.449,2811.248,127.343,1.939,3.232,0.809,3.481,2,4349,197,111.801,1.939,1.781,0.562,0.846,2.4190512494783585
211,49.306,27.555,3556.561,227.537,7.111,9.696,0.816,10.221,2,5504,352,108.435,6.898,1.46,0.685,0.897,7.923278929377151
212,63.095,63.024,2720.75,240.465,12.928,14.867,0.2,17.972,2,4210,373,127.694,10.583,2.076,0.482,0.468,8.962982153003825
213,34.681,23.52,2050.42,306.399,6.464,7.757,0.788,8.278,2,3172,485,38.66,6.464,1.271,0.787,0.838,6.645089965603188
214,450805.592,3544.419,265.029,323.853,968.972,1008.403,0.451,1259.472,2,426,1963,47.871,568.382,2.547,0.393,0.832,757.616992102306
215,53.067,29.919,4043.956,333.549,7.111,11.635,0.745,11.796,2,6261,516,99.462,7.111,1.949,0.513,0.844,8.219915019053474
216,13.789,19.106,2180.349,345.184,7.757,3.878,0.475,8.177,2,3373,535,161.565,3.474,2.788,0.359,0.673,4.19007160826079
217,185.943,56.559,2218.487,355.527,20.039,14.867,0.73,22.243,2,3433,571,35.538,11.116,2.103,0.475,0.924,15.38668192518096
218,2.089,4.571,3307.046,363.284,1.939,1.293,1.0,2.331,2,5116,564,33.69,1.293,1.553,0.644,0.909,1.6308885335766374
219,16.296,17.591,3372.98,439.56,5.171,6.464,0.662,7.89,2,5219,680,124.992,3.657,2.415,0.414,0.804,4.555075369409843
220,381.496,119.361,559.147,453.782,25.856,44.602,0.336,47.413,2,873,702,115.866,12.969,4.293,0.233,0.733,22.03941454209448
221,0.418,1.828,3419.522,462.185,0.646,0.646,1.0,0.914,2,5290,715,135.0,0.646,1.0,1.0,1.0,0.729530074568073
222,2.507,6.242,1763.413,471.881,1.293,2.586,0.809,2.891,2,2728,730,116.565,1.293,2.082,0.48,0.857,1.7866201439172942
223,0.418,1.828,1479.638,494.505,0.646,0.646,1.0,0.914,2,2289,765,135.0,0.646,1.0,1.0,1.0,0.729530074568073
224,7.521,12.485,1475.76,495.152,3.232,4.525,0.606,5.212,2,2284,766,119.745,2.657,2.32,0.431,0.692,3.094516863090773
225,55.156,30.833,609.567,500.323,7.757,11.635,0.729,12.265,2,948,774,108.435,7.757,1.633,0.612,0.883,8.38014321652158
226,0.836,3.121,3513.251,533.937,0.646,1.293,1.0,1.445,2,5435,826,116.565,0.646,2.0,0.5,1.0,1.031711325613224
227,2.089,4.949,2223.659,549.451,1.293,1.939,1.0,2.331,2,3440,850,123.69,1.293,1.553,0.644,0.909,1.6308885335766374
228,2.507,8.606,2615.385,549.451,2.586,3.232,0.425,4.139,2,4046,850,128.66,1.371,4.17,0.24,0.6,1.7866201439172942
229,144.994,52.145,2117.647,564.964,14.867,16.16,0.67,18.846,2,3280,899,59.036,12.619,1.384,0.723,0.856,13.587203338043125
230,28.832,20.555,2028.442,570.136,7.111,5.818,0.857,8.428,2,3138,884,147.529,5.485,1.579,0.633,0.896,6.058881295569687
231,0.418,1.828,2797.027,583.71,0.646,0.646,1.0,0.914,2,4327,903,135.0,0.646,1.0,1.0,1.0,0.729530074568073
232,48.47,26.798,1912.734,606.335,7.757,9.05,0.848,9.61,2,2962,952,70.346,7.682,1.276,0.784,0.879,7.855820818559531
233,261.573,64.003,1305.753,607.628,18.746,18.1,0.802,21.604,2,2027,941,128.928,18.1,1.107,0.903,0.911,18.24952293718964
234,1.254,3.657,3600.517,627.666,1.293,1.293,1.0,1.828,2,5570,971,135.0,1.293,1.464,0.683,0.857,1.263583154801414
235,4.596,8.071,2714.286,628.959,1.939,3.232,0.887,3.481,2,4199,973,111.801,1.939,1.957,0.511,0.846,2.4190512494783585
236,21.31,16.52,2157.078,711.054,4.525,5.818,0.981,6.366,2,3338,1100,113.962,4.525,1.306,0.766,0.927,5.208909165872094
237,19.221,20.777,2078.216,717.518,5.171,7.111,0.56,8.1,2,3215,1121,61.39,5.171,1.532,0.653,0.719,4.947012966362082
238,61.006,29.762,2265.676,749.838,7.111,10.989,0.865,11.653,2,3506,1160,109.44,7.111,1.567,0.638,0.927,8.813356435893951
239,7.521,10.278,3028.442,769.231,2.586,3.878,0.895,4.661,2,4685,1196,56.31,2.586,1.703,0.587,0.878,3.094516863090773
240,12.953,15.763,583.064,775.695,5.171,5.171,0.655,5.523,2,902,1205,20.556,4.114,1.565,0.639,0.705,4.061067818068859
241,24.235,18.348,3023.271,821.59,5.171,6.464,0.905,6.962,2,4678,1271,111.801,5.171,1.26,0.793,0.906,5.554904172589898
242,1.671,3.657,3574.014,823.529,1.293,1.293,1.0,1.828,2,5529,1274,135.0,1.293,1.0,1.0,1.0,1.4586237620621902
243,7.103,9.142,1734.324,833.226,3.232,3.232,1.0,3.769,2,2684,1289,120.964,2.742,1.385,0.722,0.85,3.0072945459754785
244,61.842,50.317,1352.295,837.104,18.746,11.635,0.307,19.628,2,2092,1309,17.241,7.516,4.107,0.243,0.517,8.873538185273782
245,10.864,12.863,4436.975,869.425,2.586,5.171,0.825,5.782,2,6864,1345,116.565,2.586,2.234,0.448,0.912,3.719203464991235
246,0.418,1.828,3046.542,981.254,0.646,0.646,1.0,0.914,2,4713,1518,135.0,0.646,1.0,1.0,1.0,0.729530074568073
247,2.507,7.313,2303.167,1025.856,2.586,2.586,0.589,3.657,2,3563,1587,135.0,1.371,3.292,0.304,0.667,1.7866201439172942
248,114.491,43.226,3060.763,1100.84,10.989,14.221,0.77,15.965,2,4737,1724,58.241,10.989,1.284,0.779,0.91,12.07370981580531
249,3.343,6.778,2036.199,1114.415,2.586,1.939,0.914,2.891,2,3150,1726,26.565,1.939,1.605,0.623,0.8,2.0631141020432318
250,34.264,29.919,1872.01,1143.504,7.111,9.05,0.481,9.412,2,2899,1769,105.945,7.111,1.512,0.661,0.68,6.605019285422687
251,40.114,23.076,2943.116,1145.443,8.403,7.111,0.947,8.624,2,4553,1775,167.005,6.938,1.21,0.826,0.901,7.1466587366059615
252,40.114,23.455,2891.403,1159.017,8.403,7.111,0.916,8.624,2,4473,1797,167.005,6.938,1.254,0.798,0.885,7.1466587366059615
253,40.114,28.783,1815.126,1165.482,7.757,9.05,0.608,9.412,2,2812,1803,105.945,7.545,1.378,0.726,0.765,7.1466587366059615
254,0.836,2.742,235.294,1168.714,1.293,0.646,1.0,1.445,2,364,1808,153.435,0.646,2.0,0.5,1.0,1.031711325613224
255,26.742,22.005,1442.793,1221.073,6.464,7.757,0.694,8.792,2,2233,1889,126.027,4.41,2.216,0.451,0.805,5.835149690051466
256,27.996,20.934,1875.242,1317.388,5.171,7.757,0.803,7.996,2,2905,2038,104.036,5.171,1.359,0.736,0.87,5.970394818971825
257,64.349,56.716,3468.003,1323.206,11.635,16.807,0.251,17.785,2,5365,2073,70.907,11.309,1.377,0.726,0.469,9.051612644394533
258,0.418,1.828,1866.839,1340.013,0.646,0.646,1.0,0.914,2,2888,2073,135.0,0.646,1.0,1.0,1.0,0.729530074568073
259,88.584,47.353,3465.417,1341.306,16.16,10.989,0.496,16.782,2,5361,2085,15.642,9.306,2.531,0.395,0.749,10.62020017847214
260,14.625,24.812,984.486,1354.88,5.171,6.464,0.299,6.992,2,1524,2096,123.69,5.131,1.365,0.733,0.507,4.315220543813695
261,24.653,24.969,3368.455,1371.041,6.464,9.05,0.497,10.221,2,5211,2122,124.695,4.606,2.762,0.362,0.682,5.602604260195072
262,122.43,74.372,3351.002,1372.98,19.392,16.807,0.278,20.655,2,5184,2133,159.864,14.604,1.421,0.704,0.558,12.48530005494165
263,62.26,30.297,1711.054,1444.085,7.757,10.989,0.852,11.159,2,2652,2234,100.008,7.757,1.437,0.696,0.9,8.903476515115386
264,9.611,11.727,1945.055,1448.61,3.878,3.878,0.878,4.661,2,3009,2245,33.69,3.2,1.476,0.678,0.852,3.498157409901625
265,25.907,24.747,3468.003,1462.185,9.05,7.111,0.532,10.602,2,5366,2262,142.431,4.341,2.93,0.341,0.717,5.743328032199959
266,0.836,2.742,3458.953,1467.356,1.293,0.646,1.0,1.445,2,5351,2270,153.435,0.646,2.0,0.5,1.0,1.031711325613224
267,11.7,13.934,3478.345,1468.649,4.525,4.525,0.757,6.399,2,5381,2272,135.0,3.2,2.061,0.485,0.848,3.859650589548412
268,0.418,1.828,1642.534,1469.942,0.646,0.646,1.0,0.914,2,2541,2274,135.0,0.646,1.0,1.0,1.0,0.729530074568073
269,4.178,8.071,1643.18,1479.638,1.939,3.232,0.806,3.481,2,2543,2294,68.199,1.939,1.69,0.592,0.833,2.3064246829028496
270,2.089,6.621,3471.235,1479.638,3.232,0.646,0.599,3.296,2,5370,2289,168.69,0.646,5.0,0.2,1.0,1.6308885335766374
271,0.418,1.828,1645.766,1489.334,0.646,0.646,1.0,0.914,2,2546,2304,135.0,0.646,1.0,1.0,1.0,0.729530074568073
272,58.499,38.969,1623.142,1497.091,7.757,13.575,0.484,14.769,2,2513,2337,66.801,7.757,1.949,0.513,0.749,8.630367322858412
273,42.621,29.984,1639.948,1504.202,9.05,7.757,0.596,11.121,2,2537,2338,35.538,7.202,1.785,0.56,0.77,7.366596407850601
274,254.47,100.699,1571.429,1526.826,25.856,22.624,0.315,26.146,2,2431,2376,171.469,19.78,1.359,0.736,0.608,18.00003519298662
275,15.043,15.984,1395.604,1572.721,3.232,6.464,0.74,6.592,2,2161,2443,78.69,3.232,2.103,0.476,0.857,4.376453183966561
276,929831.034,4605.531,1833.872,1615.385,1149.321,1265.029,0.551,1270.437,2,2900,2707,117.582,1036.161,1.189,0.841,0.924,1088.0706054345856
277,1.671,4.949,605.688,1632.191,1.293,1.939,0.857,2.331,2,937,2525,123.69,1.293,2.0,0.5,0.8,1.4586237620621902
278,0.418,1.828,3645.766,1638.009,0.646,0.646,1.0,0.914,2,5640,2534,135.0,0.646,1.0,1.0,1.0,0.729530074568073
279,1.254,3.657,2541.047,1664.512,1.293,1.293,1.0,1.828,2,3931,2575,135.0,1.293,1.464,0.683,0.857,1.263583154801414
280,20266.095,563.258,3092.437,1685.844,167.421,182.288,0.803,187.091,2,4792,2818,37.701,134.641,1.357,0.737,0.977,160.6349699516253
281,31.339,21.626,187.46,1698.125,7.111,7.111,0.842,7.566,2,290,2631,160.017,6.275,1.184,0.844,0.862,6.316807270485247
282,55.156,30.297,228.83,1701.357,10.343,8.403,0.755,11.653,2,354,2643,33.69,7.467,1.585,0.631,0.871,8.38014321652158
283,1.671,3.657,3886.231,1722.689,1.293,1.293,1.0,1.828,2,6012,2665,135.0,1.293,1.0,1.0,1.0,1.4586237620621902
284,5.432,8.606,462.831,1759.535,3.232,2.586,0.922,4.139,2,716,2726,38.66,2.285,1.911,0.523,0.839,2.6298739907078064
285,1.254,3.657,670.976,1782.805,1.293,1.293,1.0,1.828,2,1038,2760,45.0,1.293,1.464,0.683,0.857,1.263583154801414
286,2.925,6.242,712.346,1792.502,2.586,1.293,0.943,2.891,2,1102,2773,153.435,1.293,1.936,0.517,0.933,1.9298252947742056
287,53.485,30.676,3073.691,1820.297,10.989,7.757,0.714,11.289,2,4755,2821,13.241,7.757,1.43,0.699,0.874,8.252224975735949
288,35.099,23.676,3887.524,1831.933,7.111,7.757,0.787,10.097,2,6014,2846,50.194,5.485,1.977,0.506,0.889,6.6850156903824445
289,3.761,7.156,2929.541,1839.043,1.939,2.586,0.923,3.232,2,4532,2849,53.13,1.939,1.539,0.65,0.9,2.18829932316147
290,221.878,62.266,667.098,1866.839,19.392,18.746,0.719,24.048,2,1032,2890,143.746,14.673,1.753,0.57,0.895,16.807850656962312
291,4.178,10.121,595.346,1890.756,1.293,4.525,0.513,4.571,2,922,2925,98.13,1.293,3.445,0.29,0.833,2.3064246829028496
292,94.434,38.368,3906.27,1907.563,10.343,13.575,0.806,13.954,2,6052,2972,76.608,10.242,1.268,0.788,0.906,10.965268039018488
293,2.089,4.949,1163.542,1914.027,1.293,1.939,1.0,2.331,2,1800,2964,56.31,1.293,1.553,0.644,0.909,1.6308885335766374
294,28.832,21.469,1071.105,1939.884,6.464,7.111,0.786,8.278,2,1657,3010,38.66,5.782,1.546,0.647,0.857,6.058881295569687
295,1.254,4.035,436.328,1955.398,1.939,0.646,0.967,2.044,2,675,3025,161.565,0.646,3.0,0.333,1.0,1.263583154801414
296,73.541,40.104,478.345,1960.569,7.757,15.514,0.575,15.847,2,742,3033,101.768,7.606,2.895,0.345,0.813,9.67653395381676
297,5.432,8.071,716.871,1976.083,3.232,1.939,1.0,3.769,2,1109,3057,149.036,1.939,1.735,0.576,0.929,2.6298739907078064
298,25.071,17.97,539.754,1976.729,5.818,5.818,0.976,6.366,2,835,3061,156.038,5.782,1.069,0.935,0.902,5.649901647467438
299,4.178,8.606,891.403,1983.84,2.586,3.232,0.709,3.769,2,1379,3074,59.036,1.828,2.209,0.453,0.769,2.3064246829028496
300,32.174,36.161,126.05,1990.304,7.111,12.282,0.309,12.7,2,195,3098,75.256,6.792,1.774,0.564,0.544,6.400406948961068
301,9.611,12.106,442.793,1994.182,3.878,3.878,0.824,5.485,2,685,3085,135.0,3.2,1.849,0.541,0.836,3.498157409901625
302,16.714,16.52,53.006,2002.586,4.525,5.818,0.77,6.132,2,83,3107,71.565,4.525,1.247,0.802,0.8,4.61312537773509
303,1.671,3.657,2864.9,2005.818,1.293,1.293,1.0,1.828,2,4432,3103,135.0,1.293,1.0,1.0,1.0,1.4586237620621902
304,11.282,19.484,1029.735,2008.403,3.878,5.818,0.373,6.366,2,1594,3107,113.962,3.878,1.752,0.571,0.562,3.7900776434925594
305,18.803,16.141,626.374,2009.696,5.818,4.525,0.907,6.399,2,970,3109,135.0,4.336,1.483,0.674,0.874,4.892925828137523
306,80.645,40.732,675.501,2012.282,12.282,13.575,0.611,17.465,2,1045,3113,128.991,7.297,2.342,0.427,0.852,10.13313392219639
307,1.254,3.657,76.923,2018.746,1.293,1.293,1.0,1.828,2,119,3125,45.0,1.293,1.464,0.683,0.857,1.263583154801414
308,12.118,13.02,50.42,2020.039,4.525,3.878,0.898,5.96,2,78,3125,139.399,3.406,1.944,0.514,0.866,3.927991446413893
309,1.671,4.571,39.431,2020.685,1.939,1.293,1.0,2.044,2,61,3126,161.565,1.293,1.468,0.681,0.8,1.4586237620621902
310,18.385,15.763,87.266,2031.674,5.171,5.171,0.93,6.464,2,136,3143,126.87,4.336,1.513,0.661,0.871,4.838234081765368
311,2.507,4.949,81.448,2034.906,1.939,1.293,1.0,2.331,2,126,3148,146.31,1.293,1.5,0.667,1.0,1.7866201439172942
312,89.42,60.882,170.006,2038.138,12.928,16.807,0.303,17.832,2,263,3155,133.531,11.16,1.763,0.567,0.593,10.67019587871836
313,41.785,28.247,556.561,2044.602,9.696,8.403,0.658,9.782,2,861,3170,7.595,7.067,1.239,0.807,0.778,7.293991662783744
314,17.55,15.227,223.659,2053.006,5.171,4.525,0.951,5.782,2,346,3177,153.435,4.525,1.311,0.763,0.875,4.7270872649129405
315,1.671,3.657,111.183,2054.945,1.293,1.293,1.0,1.828,2,172,3179,135.0,1.293,1.0,1.0,1.0,1.4586237620621902
316,12.118,14.47,138.332,2056.884,4.525,5.171,0.727,6.464,2,215,3190,53.13,3.2,2.33,0.429,0.773,3.927991446413893
317,28.414,23.141,151.907,2063.348,9.05,5.171,0.667,9.412,2,235,3197,15.945,4.811,2.289,0.437,0.829,6.014800780084484
318,26.742,20.398,531.351,2069.813,4.525,7.757,0.808,8.673,2,823,3214,63.435,4.525,1.999,0.5,0.901,5.835149690051466
319,10.446,12.106,205.559,2076.923,3.232,4.525,0.896,4.923,2,318,3213,113.199,3.232,1.525,0.656,0.893,3.646952191118429
320,58.499,28.247,297.35,2080.155,9.696,8.403,0.921,10.221,2,460,3229,18.435,8.403,1.133,0.882,0.921,8.630367322858412
321,7.103,8.985,231.416,2089.205,2.586,3.232,1.0,3.769,2,358,3237,59.036,2.586,1.263,0.792,0.919,3.0072945459754785
322,13.789,13.399,268.261,2099.548,4.525,3.878,0.965,5.561,2,415,3253,35.538,3.878,1.468,0.681,0.904,4.19007160826079
323,47.217,25.662,475.113,2102.78,7.757,9.05,0.901,9.61,2,737,3267,70.346,7.313,1.263,0.792,0.904,7.75361538791809
324,15.043,19.484,234.001,2103.426,5.171,6.464,0.498,6.749,2,364,3264,73.301,4.995,1.472,0.679,0.637,4.376453183966561
325,10.028,12.485,391.08,2108.597,3.878,3.878,0.809,5.049,2,605,3262,129.806,3.406,1.632,0.613,0.828,3.5732402878345884
326,2.089,4.949,264.383,2115.708,1.293,1.939,1.0,2.331,2,409,3276,56.31,1.293,1.553,0.644,0.909,1.6308885335766374
327,15.46,15.763,301.228,2120.879,4.525,5.818,0.782,6.655,2,466,3281,119.055,3.758,1.957,0.511,0.851,4.436697348434488
328,10.446,11.727,434.389,2124.111,3.878,3.878,0.954,4.661,2,672,3291,33.69,3.657,1.412,0.708,0.862,3.646952191118429
329,6.686,10.278,318.035,2135.1,2.586,3.878,0.795,4.661,2,492,3309,56.31,2.249,2.332,0.429,0.821,2.9176839438327278
330,2.507,6.242,562.379,2136.393,1.293,2.586,0.809,2.891,2,870,3305,116.565,1.293,2.082,0.48,0.857,1.7866201439172942
331,10.446,11.727,513.898,2148.675,4.525,3.232,0.954,5.212,2,795,3325,150.255,3.18,1.734,0.577,0.862,3.646952191118429
332,8.775,11.192,1242.405,2149.968,3.878,3.232,0.88,4.661,2,1922,3330,33.69,2.891,1.665,0.601,0.857,3.34255546028051
333,7.521,12.485,405.301,2151.907,3.232,4.525,0.606,5.212,2,628,3329,119.745,3.104,2.086,0.479,0.692,3.094516863090773
334,4.178,8.071,497.738,2157.078,1.939,3.232,0.806,3.481,2,771,3342,68.199,1.939,1.476,0.678,0.8,2.3064246829028496
335,2.089,4.949,3162.25,2215.902,1.293,1.939,1.0,2.331,2,4892,3428,123.69,1.293,1.553,0.644,0.909,1.6308885335766374
336,14.625,15.227,223.659,2275.372,4.525,5.171,0.793,5.96,2,347,3527,49.399,4.201,1.559,0.641,0.805,4.315220543813695
337,17.968,17.055,1080.802,2313.51,5.171,5.818,0.776,6.992,2,1673,3588,56.31,4.047,1.936,0.517,0.843,4.783050087527979
338,16.296,14.313,598.578,2338.074,4.525,4.525,1.0,5.96,2,926,3623,40.601,4.114,1.414,0.707,0.929,4.555075369409843
339,36.353,22.762,122.818,2480.284,7.757,6.464,0.882,8.792,2,191,3837,143.973,5.928,1.567,0.638,0.883,6.803387183584172
340,28.414,19.641,2855.204,2523.594,6.464,5.818,0.926,7.37,2,4418,3913,37.875,5.782,1.197,0.835,0.895,6.014800780084484
341,10.864,14.848,2691.661,2549.451,3.878,5.818,0.619,6.992,2,4164,3944,123.69,2.689,3.128,0.32,0.812,3.719203464991235
342,15.46,14.313,3854.557,2595.346,4.525,4.525,0.948,5.561,2,5963,4021,35.538,4.293,1.353,0.739,0.881,4.436697348434488
343,3.761,6.778,1769.877,2597.931,1.939,2.586,1.0,2.891,2,2739,4023,63.435,1.939,1.34,0.746,0.857,2.18829932316147
344,3.343,7.313,308.985,2606.981,2.586,2.586,0.785,3.657,2,478,4037,45.0,1.828,2.521,0.397,0.696,2.0631141020432318
345,0.836,2.742,311.571,2611.506,1.293,0.646,1.0,1.445,2,482,4040,153.435,0.646,2.0,0.5,1.0,1.031711325613224
346,1.671,4.949,1197.156,2622.495,1.293,1.939,0.857,2.331,2,1852,4060,56.31,1.293,2.0,0.5,0.8,1.4586237620621902
347,10.028,13.02,1833.872,2669.683,3.232,5.171,0.743,5.33,2,2839,4130,104.036,3.232,1.664,0.601,0.774,3.5732402878345884
348,0.836,3.121,1599.871,2696.833,0.646,1.293,1.0,1.445,2,2475,4172,116.565,0.646,2.0,0.5,1.0,1.031711325613224
349,3.343,6.778,1519.069,2701.357,2.586,1.939,0.914,3.232,2,2350,4182,36.87,1.939,1.767,0.566,0.842,2.0631141020432318
350,2.089,6.778,2703.943,2708.468,1.939,2.586,0.572,3.232,2,4183,4194,53.13,1.371,3.145,0.318,0.667,1.6308885335766374
351,15.043,15.763,3096.962,2714.286,5.171,5.171,0.761,6.464,2,4791,4199,126.87,4.114,1.445,0.692,0.828,4.376453183966561
352,134.13,53.438,3191.984,2738.849,15.514,17.453,0.59,22.927,2,4938,4237,130.426,10.432,2.369,0.422,0.849,13.06826767920398
353,1.671,4.949,1499.677,2749.838,1.293,1.939,0.857,2.331,2,2320,4254,123.69,1.293,2.031,0.492,0.8,1.4586237620621902
354,310.044,109.933,2033.613,2761.474,27.796,41.37,0.322,49.132,2,3147,4336,57.355,10.398,6.489,0.154,0.85,19.868575223399105
355,1.254,3.657,1484.163,2764.059,1.293,1.293,1.0,1.828,2,2296,4278,45.0,1.293,1.464,0.683,0.857,1.263583154801414
356,1.671,3.657,1458.306,2768.584,1.293,1.293,1.0,1.828,2,2256,4283,135.0,1.293,1.0,1.0,1.0,1.4586237620621902
357,3.761,8.606,1504.202,2773.756,2.586,3.232,0.638,4.139,2,2327,4291,128.66,1.793,2.97,0.337,0.72,2.18829932316147
358,3.761,6.778,2351.002,2798.966,2.586,1.939,1.0,2.891,2,3637,4332,26.565,1.939,1.34,0.746,0.857,2.18829932316147
359,11.282,12.641,2197.802,2820.944,3.878,4.525,0.887,4.706,2,3402,4364,105.945,3.657,1.288,0.776,0.844,3.7900776434925594
360,2.089,4.571,2359.405,2849.386,1.939,1.293,1.0,2.331,2,3650,4410,33.69,1.293,1.553,0.644,0.909,1.6308885335766374
361,18.385,20.934,3899.806,2849.386,5.171,7.757,0.527,7.864,2,6035,4408,99.462,4.908,1.408,0.71,0.693,4.838234081765368
362,192.211,57.695,3455.721,2857.789,18.746,14.867,0.726,20.298,2,5349,4443,37.235,14.867,1.279,0.782,0.891,15.643869282664388
363,0.418,1.828,1546.865,2872.01,0.646,0.646,1.0,0.914,2,2393,4443,135.0,0.646,1.0,1.0,1.0,0.729530074568073
364,2.925,5.485,2122.818,2907.563,1.939,1.939,1.0,2.331,2,3284,4498,123.69,1.939,1.069,0.936,0.875,1.9298252947742056
365,17.132,20.934,797.673,2922.431,7.111,5.818,0.491,7.89,2,1235,4529,34.992,4.283,2.575,0.388,0.656,4.670453926590306
366,2.507,4.949,4168.714,2929.541,1.939,1.293,1.0,2.331,2,6449,4532,146.31,1.293,1.5,0.667,1.0,1.7866201439172942
367,5.014,7.692,799.612,2932.127,2.586,2.586,1.0,3.657,2,1237,4536,135.0,2.285,1.651,0.606,0.889,2.5266624383368086
368,9.611,14.156,1921.138,2934.066,5.818,2.586,0.603,6.366,2,2972,4543,23.962,2.55,2.68,0.373,0.821,3.498157409901625
369,2.089,4.571,3336.781,2935.359,1.939,1.293,1.0,2.331,2,5162,4541,146.31,1.293,1.553,0.644,0.909,1.6308885335766374
370,70.616,32.061,3475.113,2958.63,10.989,10.343,0.863,11.065,2,5376,4583,173.29,9.142,1.239,0.807,0.885,9.482145521506103
371,42.203,26.484,4627.666,2978.022,9.696,5.818,0.756,10.758,2,7160,4616,32.735,5.33,2.077,0.481,0.902,7.330383926265942
372,2.089,5.864,45.895,2987.718,2.586,1.293,0.764,2.891,2,71,4622,153.435,1.293,2.61,0.383,0.769,1.6308885335766374
373,38.442,29.919,3638.009,2995.475,9.05,9.696,0.54,12.417,2,5629,4634,128.66,5.726,2.574,0.388,0.767,6.996132830264812
374,0.418,1.828,4390.433,3012.282,0.646,0.646,1.0,0.914,2,6792,4660,135.0,0.646,1.0,1.0,1.0,0.729530074568073
375,17.132,16.677,1094.376,3014.221,5.818,4.525,0.774,6.132,2,1693,4666,161.565,4.525,1.542,0.648,0.788,4.670453926590306
376,29.249,20.398,3461.538,3029.735,7.111,5.171,0.883,7.811,2,5355,4688,155.556,5.171,1.524,0.656,0.909,6.1025390981098
377,39.696,30.454,1219.78,3030.381,7.757,11.635,0.538,13.984,2,1887,4688,123.69,4.303,3.764,0.266,0.841,7.109326055809159
378,197.225,67.881,3320.621,3039.431,12.282,27.149,0.538,28.829,2,5138,4702,109.654,9.246,3.427,0.292,0.882,15.846598032713285
379,1.254,3.657,3603.103,3045.249,1.293,1.293,1.0,1.828,2,5574,4711,135.0,1.293,1.464,0.683,0.857,1.263583154801414
380,2.507,6.242,3257.272,3057.531,1.293,2.586,0.809,2.665,2,5039,4730,104.036,1.293,1.809,0.553,0.857,1.7866201439172942
381,3.761,6.242,3359.405,3058.177,1.939,1.939,1.0,2.742,2,5197,4731,135.0,1.939,1.0,1.0,1.0,2.18829932316147
382,5.432,8.449,3433.743,3093.73,3.232,1.939,0.956,3.769,2,5312,4789,30.964,1.939,1.526,0.655,0.929,2.6298739907078064
383,8.357,14.156,3426.632,3095.023,6.464,1.939,0.524,6.592,2,5301,4788,168.69,1.939,4.067,0.246,0.8,3.261972237060235
384,220.206,76.866,3360.698,3102.78,12.282,27.796,0.468,29.053,2,5201,4842,69.146,11.175,2.777,0.36,0.829,16.74440166706327
385,158.365,70.402,4571.429,3140.918,12.282,21.978,0.402,22.909,2,7074,4893,73.61,12.282,1.994,0.502,0.725,14.199879594629811
386,69.363,41.711,3409.825,3168.714,7.757,16.16,0.501,16.48,2,5278,4927,78.69,7.551,3.046,0.328,0.743,9.397644095275426
387,0.836,3.121,798.966,3184.228,0.646,1.293,1.0,1.445,2,1236,4926,116.565,0.646,2.0,0.5,1.0,1.031711325613224
388,2.089,4.949,3815.772,3201.681,1.293,1.939,1.0,2.331,2,5903,4953,123.69,1.293,1.553,0.644,0.909,1.6308885335766374
389,1.254,4.949,806.076,3209.438,1.293,1.939,0.643,2.331,2,1247,4968,56.31,1.156,2.702,0.37,0.667,1.263583154801414
390,5.85,9.52,2842.922,3234.648,3.878,2.586,0.811,4.661,2,4398,5004,146.31,2.285,2.445,0.409,0.824,2.729185104880338
391,0.418,1.828,3366.516,3244.99,0.646,0.646,1.0,0.914,2,5208,5020,135.0,0.646,1.0,1.0,1.0,0.729530074568073
392,0.418,1.828,3625.081,3248.869,0.646,0.646,1.0,0.914,2,5608,5026,135.0,0.646,1.0,1.0,1.0,0.729530074568073
393,28.832,22.005,1754.363,3268.908,7.111,7.111,0.748,9.61,2,2715,5057,132.274,5.028,2.105,0.475,0.821,6.058881295569687
394,115.744,45.395,1376.858,3287.654,14.867,16.16,0.706,17.405,2,2136,5110,58.671,8.939,2.156,0.464,0.877,12.139597928507628
395,6.268,8.606,2493.213,3301.875,3.232,2.586,1.0,3.481,2,3857,5109,158.199,2.586,1.186,0.843,0.882,2.825007162185611
396,0.418,1.828,3563.025,3317.388,0.646,0.646,1.0,0.914,2,5512,5132,135.0,0.646,1.0,1.0,1.0,0.729530074568073
397,93.18,36.918,3444.085,3361.991,10.989,11.635,0.859,13.009,2,5331,5201,116.565,10.989,1.172,0.854,0.927,10.892220195094408
398,69.363,34.333,1148.675,3362.637,12.928,8.403,0.739,13.697,2,1777,5215,19.29,8.403,1.552,0.645,0.907,9.397644095275426
399,1.671,4.949,142.211,3389.14,1.293,1.939,0.857,2.331,2,220,5246,56.31,1.293,2.031,0.492,0.8,1.4586237620621902
400,0.418,1.828,2654.169,3432.45,0.646,0.646,1.0,0.914,2,4106,5310,135.0,0.646,1.0,1.0,1.0,0.729530074568073
401,0.418,1.828,535.229,3469.942,0.646,0.646,1.0,0.914,2,828,5368,135.0,0.646,1.0,1.0,1.0,0.729530074568073
402,138.726,52.903,4442.146,3481.577,10.989,21.332,0.623,22.111,2,6875,5386,105.255,9.352,2.678,0.373,0.888,13.290275733893944
403,94.016,46.439,1466.063,3490.627,14.221,14.221,0.548,15.365,2,2268,5403,157.751,10.81,1.199,0.834,0.755,10.940972947495164
404,23.817,20.934,3649.644,3495.798,4.525,8.403,0.683,8.624,2,5648,5408,102.995,4.525,2.024,0.494,0.838,5.506790920032953
405,6.686,11.192,1477.052,3502.909,4.525,2.586,0.671,5.212,2,2285,5423,29.745,2.249,2.768,0.361,0.8,2.9176839438327278
406,17.968,16.52,2287.654,3512.605,5.171,5.171,0.827,6.464,2,3540,5442,53.13,4.913,1.418,0.705,0.819,4.783050087527979
407,47.635,51.296,923.723,3522.948,11.635,12.282,0.227,14.353,2,1429,5456,144.162,10.879,1.257,0.795,0.451,7.787860149839587
408,108.641,42.625,3694.247,3526.18,16.16,9.696,0.751,16.366,2,5715,5466,9.09,9.128,1.87,0.535,0.917,11.761208159860653
409,1.254,5.485,332.256,3530.058,1.939,1.939,0.524,2.742,2,514,5461,135.0,0.914,4.123,0.243,0.6,1.263583154801414
410,0.418,1.828,3531.351,3569.489,0.646,0.646,1.0,0.914,2,5463,5522,135.0,0.646,1.0,1.0,1.0,0.729530074568073
411,3.761,6.242,4488.041,3579.832,1.939,1.939,1.0,2.742,2,6943,5538,135.0,1.939,1.0,1.0,1.0,2.18829932316147
412,56.41,30.519,2179.056,3608.92,6.464,11.635,0.761,11.919,2,3375,5583,102.529,6.339,1.975,0.506,0.906,8.474871250851574
413,1.671,5.707,4483.516,3610.213,0.646,2.586,0.645,2.665,2,6936,5585,104.036,0.646,4.0,0.25,1.0,1.4586237620621902
414,369600.398,2452.484,3256.626,3617.324,642.534,789.916,0.772,792.876,2,5527,5600,97.166,622.443,1.273,0.785,0.984,685.9955119994991
415,90.255,36.318,3968.326,3623.788,12.282,10.989,0.86,13.59,2,6139,5621,25.346,9.599,1.44,0.694,0.917,10.719899025180792
416,20.475,26.262,3741.435,3649.644,10.343,5.818,0.373,11.867,2,5788,5646,150.642,4.047,3.56,0.281,0.605,5.105837803774466
417,1.671,3.657,2480.931,3652.23,1.293,1.293,1.0,1.828,2,3838,5650,135.0,1.293,1.0,1.0,1.0,1.4586237620621902
418,0.418,1.828,3742.728,3655.462,0.646,0.646,1.0,0.914,2,5790,5655,135.0,0.646,1.0,1.0,1.0,0.729530074568073
419,12.953,14.47,3904.331,3672.915,4.525,5.171,0.777,6.464,2,6041,5682,126.87,3.2,2.274,0.44,0.816,4.061067818068859
420,1.671,3.657,3422.754,3680.026,1.293,1.293,1.0,1.828,2,5295,5693,135.0,1.293,1.0,1.0,1.0,1.4586237620621902
421,9.611,11.727,857.143,3707.175,4.525,3.232,0.878,5.212,2,1326,5740,29.745,3.048,1.897,0.527,0.852,3.498157409901625
422,4.178,6.778,2001.293,3729.8,2.586,1.939,1.0,2.891,2,3096,5770,153.435,1.939,1.327,0.753,0.909,2.3064246829028496
423,52.231,33.954,3813.833,3736.264,9.05,12.282,0.569,14.882,2,5901,5799,55.62,6.066,2.635,0.379,0.856,8.154911076220408
424,17.55,25.348,1135.1,3740.789,10.989,4.525,0.343,11.454,2,1756,5788,163.61,2.551,6.025,0.166,0.7,4.7270872649129405
425,27.996,19.798,2594.053,3740.789,6.464,6.464,0.898,7.89,2,4013,5796,34.992,5.485,1.503,0.665,0.893,5.970394818971825
426,16.714,15.227,1186.813,3755.656,3.878,5.818,0.906,6.132,2,1838,5819,71.565,3.878,1.625,0.615,0.879,4.61312537773509
427,1.254,3.657,1944.409,3775.048,1.293,1.293,1.0,1.828,2,3008,5842,45.0,1.293,1.464,0.683,0.857,1.263583154801414
428,4.178,7.156,2199.095,3775.048,2.586,1.939,1.0,2.891,2,3402,5841,153.435,1.939,1.236,0.809,0.909,2.3064246829028496
429,64.767,65.231,3252.747,3784.098,10.989,21.978,0.191,24.29,2,5033,5854,115.201,6.938,3.755,0.266,0.559,9.08096391325625
430,1.671,4.949,1533.29,3791.209,1.293,1.939,0.857,2.331,2,2372,5868,56.31,1.293,2.031,0.492,0.8,1.4586237620621902
431,213.521,94.809,1239.173,3808.662,41.37,11.635,0.299,42.215,2,1917,5896,168.518,10.566,4.544,0.22,0.713,16.48828010531713
432,1.671,4.949,4530.705,3846.8,1.293,1.939,0.857,2.331,2,7009,5951,123.69,1.293,2.031,0.492,0.8,1.4586237620621902
433,2.507,4.949,3990.95,3888.171,1.293,1.939,1.0,2.331,2,6174,6015,123.69,1.293,1.5,0.667,1.0,1.7866201439172942
434,17.132,15.763,2530.705,3890.756,5.171,5.171,0.866,6.464,2,3915,6020,143.13,4.114,1.61,0.621,0.854,4.670453926590306
435,26.324,26.954,1.293,3899.16,8.403,9.05,0.455,12.35,2,2,6046,47.121,4.114,3.422,0.292,0.696,5.789365921723071
436,9.193,19.863,12.928,3899.806,9.05,2.586,0.293,9.412,2,20,6033,164.055,2.324,5.288,0.189,0.638,3.421241168750071
437,2.089,4.571,427.925,3905.624,1.939,1.293,1.0,2.331,2,662,6042,146.31,1.293,1.553,0.644,0.909,1.6308885335766374
438,11.282,22.07,417.582,3908.856,9.696,3.232,0.291,9.888,2,646,6049,168.69,2.927,3.969,0.252,0.6,3.7900776434925594
439,101.955,52.21,1.293,3910.149,14.221,12.928,0.47,16.518,2,2,6053,149.421,12.928,1.152,0.868,0.677,11.393556853918511
440,9.611,12.641,18.746,3914.027,3.878,4.525,0.756,5.96,2,29,6062,49.399,2.742,2.487,0.402,0.821,3.498157409901625
441,10.864,13.02,2224.305,3914.027,3.232,5.171,0.805,5.782,2,3442,6063,63.435,2.979,2.183,0.458,0.839,3.719203464991235
442,13.371,20.177,429.218,3915.966,5.818,7.111,0.413,8.792,2,664,6069,53.973,2.946,3.522,0.284,0.646,4.126073915073973
443,15.043,15.384,118.293,3932.773,5.818,4.525,0.799,5.96,2,183,6089,12.529,3.961,1.576,0.635,0.8,4.376453183966561
444,2.925,5.485,127.99,3934.066,1.939,1.939,1.0,2.742,2,198,6086,135.0,1.828,1.596,0.626,0.875,1.9298252947742056
445,6.268,12.485,124.758,3943.116,2.586,5.171,0.505,5.523,2,194,6100,110.556,2.044,3.203,0.312,0.732,2.825007162185611
446,4.178,6.778,2996.122,3945.055,2.586,1.939,1.0,3.232,2,4635,6106,36.87,1.939,1.551,0.645,0.909,2.3064246829028496
447,45.128,36.383,144.15,3951.519,8.403,12.282,0.428,12.733,2,227,6132,66.038,7.516,1.953,0.512,0.63,7.580155286985117
448,214.774,76.579,288.946,3956.044,16.16,31.028,0.46,32.916,2,450,6120,109.502,10.407,3.452,0.29,0.845,16.536588220698665
449,34.264,23.52,2121.526,3957.983,5.818,8.403,0.778,9.323,2,3283,6135,56.31,5.519,1.792,0.558,0.877,6.605019285422687
450,8.775,11.192,1806.723,3964.447,2.586,4.525,0.88,4.706,2,2796,6133,105.945,2.586,1.782,0.561,0.857,3.34255546028051
451,193.882,56.938,255.979,4027.149,14.867,20.039,0.752,20.695,2,400,6261,75.53,14.452,1.513,0.661,0.884,15.711722674880145
452,43.456,65.361,697.479,4042.017,26.503,7.757,0.128,26.699,2,1079,6259,6.953,7.02,5.503,0.182,0.366,7.43840692998247
453,2.925,5.864,711.7,4051.067,2.586,1.293,1.0,2.891,2,1101,6267,153.435,1.293,1.936,0.517,0.933,1.9298252947742056
454,11.7,17.813,702.65,4052.359,7.757,2.586,0.463,7.864,2,1087,6269,170.538,2.586,3.684,0.271,0.718,3.859650589548412
455,46.799,29.161,755.01,4055.591,10.989,7.757,0.692,12.551,2,1168,6275,145.491,5.204,2.647,0.378,0.875,7.719218707489825
456,8.357,10.278,2516.484,4058.824,3.232,3.232,0.994,4.139,2,3894,6279,128.66,3.232,1.187,0.842,0.909,3.261972237060235
457,3.343,6.778,376.858,4073.045,1.939,2.586,0.914,2.891,2,584,6301,116.565,1.939,1.554,0.644,0.8,2.0631141020432318
458,7.521,10.278,2812.54,4075.63,3.878,2.586,0.895,4.336,2,4351,6308,26.565,2.586,1.798,0.556,0.857,3.094516863090773
459,179.675,60.438,2214.609,4107.951,14.867,21.978,0.618,25.285,2,3428,6388,57.529,12.246,2.1,0.476,0.892,15.125121989600297
460,2.089,4.949,2941.176,4141.564,1.293,1.939,1.0,2.331,2,4550,6407,123.69,1.293,1.553,0.644,0.909,1.6308885335766374
461,6.268,9.899,831.286,4154.493,3.232,3.232,0.804,4.139,2,1286,6432,38.66,2.891,1.61,0.621,0.769,2.825007162185611
462,30.921,22.984,2220.427,4199.741,5.818,7.757,0.736,8.403,2,3439,6509,67.38,5.818,1.511,0.662,0.846,6.274539023924863
463,5.85,10.656,4005.171,4214.609,1.939,4.525,0.647,4.706,2,6197,6520,105.945,1.939,2.316,0.432,0.8,2.729185104880338
464,5.85,8.606,456.367,4231.416,2.586,3.232,0.993,3.481,2,707,6551,68.199,2.586,1.264,0.791,0.848,2.729185104880338
465,15.043,14.47,69.813,4234.001,5.171,4.525,0.903,5.523,2,108,6551,159.444,4.525,1.169,0.856,0.847,4.376453183966561
466,6.686,9.52,485.456,4235.941,3.232,3.232,0.927,3.481,2,752,6553,111.801,3.18,1.058,0.945,0.821,2.9176839438327278
467,25.071,22.227,4104.072,4248.869,7.111,6.464,0.638,8.697,2,6349,6583,41.987,5.028,2.038,0.491,0.764,5.649901647467438
468,6.268,10.813,3078.216,4249.515,3.232,3.878,0.674,5.049,2,4762,6580,50.194,2.313,2.651,0.377,0.75,2.825007162185611
469,3.343,5.864,3235.941,4257.272,1.939,1.939,1.0,2.742,2,5006,6589,45.0,1.939,1.229,0.814,0.941,2.0631141020432318
470,11.7,13.02,3877.828,4271.493,4.525,3.878,0.867,5.561,2,5999,6613,35.538,3.406,1.816,0.551,0.848,3.859650589548412
471,21.31,39.818,3875.889,4288.946,9.05,16.16,0.169,18.215,2,5997,6635,117.474,2.888,10.576,0.095,0.477,5.208909165872094
472,0.418,1.828,3866.839,4297.996,0.646,0.646,1.0,0.914,2,5982,6649,135.0,0.646,1.0,1.0,1.0,0.729530074568073
473,0.418,1.828,2342.599,4299.289,0.646,0.646,1.0,0.914,2,3624,6651,135.0,0.646,1.0,1.0,1.0,0.729530074568073
474,12.535,18.57,1664.512,4303.814,8.403,2.586,0.457,8.428,2,2575,6660,175.601,2.458,3.963,0.252,0.75,3.9950040917695273
475,40.114,32.283,3049.127,4304.46,9.05,10.343,0.484,12.928,2,4718,6675,53.13,6.281,2.203,0.454,0.725,7.1466587366059615
476,0.418,1.828,1673.562,4305.753,0.646,0.646,1.0,0.914,2,2589,6661,135.0,0.646,1.0,1.0,1.0,0.729530074568073
477,36.353,38.747,3881.707,4305.753,9.696,14.221,0.304,16.199,2,6007,6683,61.39,5.02,4.908,0.204,0.582,6.803387183584172
478,1.671,3.657,1677.44,4307.692,1.293,1.293,1.0,1.828,2,2595,6664,135.0,1.293,1.0,1.0,1.0,1.4586237620621902
479,2.089,7.692,1663.866,4310.924,3.232,1.939,0.444,3.769,2,2574,6669,149.036,1.156,4.45,0.225,0.588,1.6308885335766374
480,13.789,19.863,1669.037,4312.864,9.05,2.586,0.439,9.142,2,2582,6672,171.87,2.586,3.967,0.252,0.795,4.19007160826079
481,4.596,8.828,753.717,4320.621,1.293,3.878,0.741,4.088,2,1166,6684,108.435,1.293,2.858,0.35,0.957,2.4190512494783585
482,2.089,5.485,502.909,4332.256,1.939,1.939,0.873,2.742,2,778,6702,135.0,1.371,2.308,0.433,0.769,1.6308885335766374
483,2.925,5.485,1186.167,4340.659,1.939,1.939,1.0,2.742,2,1835,6715,135.0,1.828,1.596,0.626,0.875,1.9298252947742056
484,3.343,8.071,425.339,4351.648,3.232,1.939,0.645,3.481,2,658,6735,21.801,1.939,2.109,0.474,0.696,2.0631141020432318
485,0.836,3.121,3823.529,4352.941,0.646,1.293,1.0,1.445,2,5915,6734,116.565,0.646,2.0,0.5,1.0,1.031711325613224
486,102.373,48.11,4302.521,4454.428,9.05,19.392,0.556,20.07,2,6658,6921,75.069,9.05,2.045,0.489,0.799,11.416888889411725
487,5.85,8.071,3817.712,4457.66,2.586,2.586,1.0,3.232,2,5906,6896,126.87,2.586,1.02,0.981,0.933,2.729185104880338
488,0.418,1.828,215.902,4477.052,0.646,0.646,1.0,0.914,2,334,6926,135.0,0.646,1.0,1.0,1.0,0.729530074568073
489,30607.857,939.167,449.903,4504.848,378.798,140.271,0.436,378.922,2,696,7171,178.534,140.271,2.518,0.397,0.875,197.4110784935814
490,0.418,1.828,307.692,4543.633,0.646,0.646,1.0,0.914,2,476,7029,135.0,0.646,1.0,1.0,1.0,0.729530074568073
491,12.118,15.606,112.476,4552.683,4.525,5.171,0.625,5.782,2,176,7051,63.435,4.39,1.205,0.83,0.699,3.927991446413893
492,9.611,11.727,4574.661,4563.025,3.878,3.878,0.878,5.049,2,7078,7059,129.806,3.103,1.813,0.552,0.836,3.498157409901625
493,17.132,15.07,4190.045,4614.738,4.525,4.525,0.948,5.96,2,6482,7146,40.601,4.525,1.275,0.784,0.921,4.670453926590306
494,60.17,43.161,4620.556,4616.031,16.807,9.696,0.406,18.522,2,7149,7155,29.249,5.578,4.393,0.228,0.724,8.75276090195058
495,8.775,10.278,3599.871,4625.727,3.878,2.586,1.0,4.336,2,5569,7157,153.435,2.586,1.475,0.678,0.933,3.34255546028051
496,19.221,15.984,126.05,4630.899,4.525,5.171,0.945,6.098,2,197,7172,57.995,4.525,1.155,0.866,0.92,4.947012966362082
626,1099.361,256.217,2945.701,1.293,120.233,14.221,0.21,120.234,4,4557,2,179.692,14.221,7.585,0.132,0.93,37.413231605136616
627,345418.641,3114.791,3052.359,1.293,874.596,634.777,0.447,888.277,4,4727,317,12.226,634.777,1.419,0.705,0.854,663.1746928297841
628,29.667,25.348,1482.87,73.691,5.818,9.696,0.58,10.7,4,2295,129,64.983,4.817,2.572,0.389,0.826,6.145990365568276
629,6.686,9.363,2516.484,78.216,2.586,3.232,0.958,4.139,4,3893,126,51.34,2.586,1.519,0.658,0.914,2.9176839438327278
630,6.268,8.985,3049.774,164.835,2.586,3.232,0.976,4.139,4,4718,260,51.34,2.586,1.72,0.581,0.882,2.825007162185611
631,0.836,3.121,1478.992,250.162,0.646,1.293,1.0,1.445,4,2288,387,116.565,0.646,2.0,0.5,1.0,1.031711325613224
632,10.028,12.863,4137.686,483.516,5.171,2.586,0.762,5.523,4,6401,749,159.444,2.586,2.116,0.473,0.857,3.5732402878345884
633,138.726,60.687,2736.264,532.644,18.746,20.685,0.473,26.527,4,4233,825,133.025,8.685,3.583,0.279,0.803,13.290275733893944
634,65.184,42.468,2170.006,596.639,18.746,6.464,0.454,18.923,4,3357,926,172.147,5.793,3.527,0.284,0.804,9.110150738819684
635,2.925,5.864,3445.378,601.81,1.939,1.939,1.0,2.331,4,5330,931,123.69,1.939,1.069,0.936,0.875,1.9298252947742056
636,147.501,64.565,3633.484,603.103,18.746,22.624,0.445,28.887,4,5621,933,130.462,9.599,3.89,0.257,0.767,13.704163823013108
637,25.489,18.727,3616.031,617.324,5.818,5.818,0.913,6.992,4,5594,963,33.69,5.493,1.306,0.766,0.897,5.696806364600658
638,0.836,3.657,293.471,695.54,1.293,1.293,0.785,1.828,4,454,1076,135.0,0.914,2.646,0.378,0.667,1.031711325613224
639,0.836,2.742,3522.301,753.07,1.293,0.646,1.0,1.445,4,5449,1165,153.435,0.646,2.0,0.5,1.0,1.031711325613224
640,279.123,78.159,2058.824,754.363,16.807,25.21,0.574,27.501,4,3191,1167,113.552,16.807,1.603,0.624,0.826,18.851802074207992
641,5.432,10.121,2053.006,762.12,1.293,4.525,0.666,4.706,4,3176,1186,74.055,1.293,3.34,0.299,0.963,2.6298739907078064
642,603486.783,3791.34,3650.937,762.12,986.425,916.613,0.528,1105.751,4,5662,1792,152.117,884.367,1.194,0.838,0.882,876.574718344425
643,1.254,4.035,2056.238,770.524,1.939,0.646,0.967,2.044,4,3181,1192,161.565,0.646,3.0,0.333,1.0,1.263583154801414
644,0.418,1.828,2054.945,772.463,0.646,0.646,1.0,0.914,4,3179,1195,135.0,0.646,1.0,1.0,1.0,0.729530074568073
645,29.667,20.712,3976.729,798.966,6.464,7.111,0.869,8.278,4,6153,1247,51.34,5.43,1.659,0.603,0.871,6.145990365568276
646,8.357,9.899,3511.959,800.259,3.232,3.232,1.0,3.769,4,5434,1238,120.964,3.232,1.083,0.923,0.889,3.261972237060235
647,12.953,12.641,3742.728,822.237,4.525,3.878,1.0,4.923,4,5790,1274,156.801,3.878,1.21,0.827,0.899,4.061067818068859
648,0.418,1.828,1405.301,872.01,0.646,0.646,1.0,0.914,4,2174,1349,135.0,0.646,1.0,1.0,1.0,0.729530074568073
649,3.343,6.778,3866.839,926.309,1.939,2.586,0.914,2.891,4,5983,1433,116.565,1.939,1.605,0.623,0.8,2.0631141020432318
650,4.178,8.985,1658.048,957.983,3.232,2.586,0.65,3.296,4,2565,1485,168.69,2.586,1.109,0.902,0.714,2.3064246829028496
651,4.178,6.778,1667.098,958.63,2.586,1.939,1.0,2.891,4,2579,1483,153.435,1.939,1.236,0.809,0.909,2.3064246829028496
652,15.46,17.813,3563.672,1007.757,4.525,6.464,0.612,6.592,4,5514,1569,78.69,4.525,1.28,0.781,0.747,4.436697348434488
653,1.254,4.414,3572.721,1013.575,0.646,1.939,0.809,2.044,4,5527,1568,108.435,0.646,3.0,0.333,1.0,1.263583154801414
654,29.249,27.712,3565.611,1016.16,8.403,7.757,0.479,11.436,4,5516,1572,137.291,6.071,2.187,0.457,0.676,6.1025390981098
655,1539.774,162.901,3635.423,1053.652,47.835,46.542,0.729,52.216,4,5635,1631,121.329,42.853,1.195,0.837,0.912,44.2775467562854
656,132.04,49.024,2639.302,1106.012,19.392,10.989,0.69,19.489,4,4083,1723,5.711,9.684,1.989,0.503,0.904,12.96605373607679
657,3.343,5.864,2204.913,1206.206,1.939,1.939,1.0,2.742,4,3411,1869,45.0,1.939,1.229,0.814,0.941,2.0631141020432318
658,7.103,8.985,16.16,1210.084,2.586,3.232,1.0,3.769,4,26,1877,59.036,2.586,1.263,0.792,0.919,3.0072945459754785
659,62.26,40.196,13.575,1217.841,10.989,14.221,0.484,16.16,4,23,1886,126.87,7.313,2.452,0.408,0.722,8.903476515115386
660,0.418,1.828,3128.636,1244.99,0.646,0.646,1.0,0.914,4,4840,1926,135.0,0.646,1.0,1.0,1.0,0.729530074568073
661,12.118,13.02,1167.421,1287.654,3.878,4.525,0.898,5.96,4,1806,1999,49.399,3.2,1.886,0.53,0.892,3.927991446413893
662,15.878,15.606,3530.705,1338.72,5.171,4.525,0.819,5.96,4,5462,2072,139.399,4.525,1.306,0.766,0.835,4.496275958090752
663,15.043,15.984,51.713,1373.626,6.464,3.232,0.74,6.749,4,80,2129,16.699,3.232,2.016,0.496,0.867,4.376453183966561
664,30841.435,802.771,2310.278,1376.212,263.09,193.924,0.601,290.981,4,3579,2135,145.957,153.995,2.021,0.495,0.911,198.16289929847895
665,9.193,10.813,2870.071,1406.593,3.232,3.878,0.988,4.139,4,4441,2176,128.66,3.232,1.156,0.865,0.863,3.421241168750071
666,28.414,19.419,3203.62,1414.997,6.464,6.464,0.947,7.227,4,4958,2189,116.565,5.876,1.257,0.796,0.883,6.014800780084484
667,3.761,8.071,96.315,1418.875,1.939,3.232,0.726,3.481,4,150,2195,111.801,1.939,2.013,0.497,0.783,2.18829932316147
668,43.456,28.848,3420.814,1520.362,10.343,7.111,0.656,11.867,4,5292,2354,150.642,6.362,2.064,0.485,0.812,7.43840692998247
669,184.689,70.937,3900.452,1543.633,30.381,12.282,0.461,31.522,4,6034,2393,164.539,8.423,3.938,0.254,0.874,15.334710244331076
670,2.507,4.949,2005.171,1560.44,1.293,1.939,1.0,2.331,4,3102,2414,123.69,1.293,1.5,0.667,1.0,1.7866201439172942
671,1.671,4.571,1469.295,1599.871,1.939,1.293,1.0,2.044,4,2273,2476,161.565,1.293,1.468,0.681,0.8,1.4586237620621902
672,177722.464,2016.235,3541.694,1611.506,511.312,599.871,0.549,671.074,4,5736,3417,61.46,415.669,1.699,0.588,0.861,475.6924102322544
673,13.789,20.02,1959.922,1624.434,3.232,8.403,0.432,8.792,4,3032,2526,72.897,2.855,4.024,0.249,0.673,4.19007160826079
674,58.499,33.04,1974.79,1652.23,8.403,12.282,0.673,12.88,4,3059,2575,72.474,8.094,1.77,0.565,0.812,8.630367322858412
675,4.178,6.778,1967.033,1672.915,1.939,2.586,1.0,2.891,4,3044,2588,116.565,1.939,1.327,0.753,0.909,2.3064246829028496
676,13.371,13.934,1936.652,1791.209,3.878,5.171,0.865,5.782,4,2997,2779,63.435,3.758,1.681,0.595,0.842,4.126073915073973
677,0.418,1.828,2038.785,1793.794,0.646,0.646,1.0,0.914,4,3154,2775,135.0,0.646,1.0,1.0,1.0,0.729530074568073
678,3.761,7.313,1871.364,1802.844,2.586,2.586,0.884,3.232,4,2895,2792,36.87,1.828,1.915,0.522,0.783,2.18829932316147
679,328.847,97.421,2146.089,1809.308,20.039,33.613,0.435,34.229,4,3335,2851,79.114,18.251,2.287,0.437,0.662,20.46218474570895
680,19.639,16.363,3325.792,1821.59,3.878,5.818,0.922,6.655,4,5146,2827,60.945,3.878,1.582,0.632,0.94,5.000515115371002
681,7.521,11.727,1394.312,1827.408,3.878,3.878,0.687,5.485,4,2157,2827,135.0,2.456,2.697,0.371,0.766,3.094516863090773
682,14.625,13.177,3363.93,1834.518,4.525,4.525,1.0,5.212,4,5205,2838,119.745,4.114,1.284,0.779,0.886,4.315220543813695
683,2.089,4.949,2398.836,1868.778,1.293,1.939,1.0,2.331,4,3711,2891,123.69,1.293,1.553,0.644,0.909,1.6308885335766374
684,6.268,8.606,246.283,1932.773,3.232,2.586,1.0,3.481,4,381,2991,158.199,2.586,1.127,0.887,0.857,2.825007162185611
685,200.568,78.694,548.158,1946.348,16.807,21.332,0.407,25.637,4,851,3011,123.69,14.829,1.589,0.629,0.732,15.980335071845088
686,140.815,46.817,3309.632,1952.165,12.282,16.807,0.807,18.249,4,5122,3020,112.932,12.282,1.423,0.703,0.922,13.389967382032038
687,0.418,1.828,1553.329,2008.403,0.646,0.646,1.0,0.914,4,2403,3107,135.0,0.646,1.0,1.0,1.0,0.729530074568073
688,32.592,21.091,3508.727,2053.652,7.757,5.818,0.921,8.177,4,5428,3179,161.565,5.642,1.491,0.671,0.897,6.441849365051035
689,1091.839,170.631,4350.356,2114.415,28.442,67.873,0.471,70.53,4,6733,3271,107.605,22.537,3.29,0.304,0.918,37.28501832216386
690,363.111,92.25,1365.223,2134.454,20.685,34.26,0.536,39.053,4,2114,3355,61.314,15.032,3.183,0.314,0.87,21.50179723484364
691,312.133,78.408,1816.419,2153.846,31.674,14.867,0.638,32.327,4,2810,3349,11.535,14.816,2.182,0.458,0.891,19.935397633777477
692,212.267,82.573,1133.807,2168.714,18.1,25.21,0.391,26.574,4,1756,3394,71.565,17.78,1.767,0.566,0.648,16.43979131383056
693,0.836,2.742,1108.597,2174.531,1.293,0.646,1.0,1.445,4,1715,3364,153.435,0.646,2.0,0.5,1.0,1.031711325613224
694,69.363,37.611,2998.707,2202.973,14.867,8.403,0.616,15.541,4,4639,3418,16.928,7.015,2.449,0.408,0.82,9.397644095275426
695,30.503,25.57,3010.343,2297.35,4.525,10.343,0.586,11.289,4,4657,3554,113.629,4.31,2.867,0.349,0.885,6.2319841008347145
696,61.006,29.54,2357.466,2376.212,9.696,9.05,0.879,10.443,4,3647,3677,158.199,8.383,1.179,0.848,0.907,8.813356435893951
697,218.535,71.695,2955.398,2376.858,29.735,12.928,0.534,29.91,4,4572,3685,173.797,11.701,2.654,0.377,0.852,16.680749500807774
698,40.949,32.596,4034.906,2470.588,10.989,10.989,0.484,15.091,4,6242,3838,43.264,4.114,4.203,0.238,0.807,7.220656903451387
699,1.254,4.571,4148.675,2476.406,1.939,1.293,0.754,2.331,4,6418,3833,33.69,1.156,2.702,0.37,0.667,1.263583154801414
700,5.432,8.227,3723.982,2523.594,3.232,2.586,1.0,3.481,4,5761,3905,158.199,2.586,1.287,0.777,0.812,2.6298739907078064
701,1.671,6.242,4080.802,2526.826,1.293,2.586,0.539,2.891,4,6313,3913,63.435,1.226,3.093,0.323,0.667,1.4586237620621902
702,187063.896,1793.963,1791.855,2614.738,460.892,576.6,0.73,576.792,4,3004,4045,91.477,439.654,1.373,0.729,0.957,488.0339637560339
703,0.836,3.121,2351.648,2680.672,0.646,1.293,1.0,1.445,4,3638,4147,116.565,0.646,2.0,0.5,1.0,1.031711325613224
704,9.193,15.763,4338.074,2987.718,6.464,3.878,0.465,7.227,4,6711,4622,153.435,2.313,3.708,0.27,0.721,3.421241168750071
705,133.294,45.968,1122.172,2997.414,15.514,11.635,0.793,16.353,4,1736,4649,18.435,11.474,1.472,0.679,0.91,13.027478339108026
706,328.847,72.322,958.63,2998.707,20.685,24.564,0.79,24.977,4,1490,4677,79.563,18.884,1.349,0.741,0.899,20.46218474570895
707,27.16,21.313,2503.555,3060.763,4.525,8.403,0.751,8.792,4,3874,4735,107.103,4.525,1.855,0.539,0.897,5.880577015481306
708,25.907,27.555,619.91,3062.056,9.05,5.171,0.429,9.323,4,960,4745,33.69,5.171,2.029,0.493,0.62,5.743328032199959
709,73.959,45.654,610.86,3069.813,15.514,10.343,0.446,15.965,4,946,4750,158.629,10.343,1.611,0.621,0.662,9.703995233359706
710,5.85,9.742,625.727,3071.752,3.232,2.586,0.775,4.139,4,968,4752,141.34,2.586,1.391,0.719,0.824,2.729185104880338
711,124024.27,1653.694,4111.183,3071.752,394.312,494.505,0.57,515.716,4,6409,5470,50.544,308.426,1.731,0.578,0.903,397.38219017831045
712,239.01,68.757,3301.228,3156.432,22.624,21.978,0.635,28.472,4,5108,4916,39.472,12.341,2.323,0.43,0.898,17.444683533591295
713,4.596,8.606,446.025,3237.88,2.586,3.232,0.78,4.139,4,690,5014,51.34,1.828,2.498,0.4,0.815,2.4190512494783585
714,1.671,3.657,1067.873,3283.129,1.293,1.293,1.0,1.828,4,1652,5079,135.0,1.293,1.0,1.0,1.0,1.4586237620621902
715,67.692,42.025,2001.939,3351.648,10.343,13.575,0.482,14.454,4,3100,5205,63.435,9.502,1.428,0.7,0.722,9.28375631208686
716,43.038,23.52,3365.869,3406.593,7.111,7.111,0.978,8.278,4,5209,5270,128.66,7.111,1.036,0.965,0.945,7.402545746316731
717,403.224,99.72,3963.801,3515.837,29.089,31.028,0.51,39.069,4,6134,5486,51.044,17.28,2.53,0.395,0.807,22.65834817868
718,17545.062,617.881,3470.588,3534.583,138.332,197.156,0.578,201.661,4,5378,5474,121.499,138.332,1.483,0.675,0.868,149.4625931570512
719,2.089,4.949,579.832,3647.059,1.939,1.293,1.0,2.331,4,897,5644,33.69,1.293,1.553,0.644,0.909,1.6308885335766374
720,25.071,21.248,3374.919,3694.893,7.111,7.111,0.698,9.187,4,5221,5726,39.289,4.114,2.559,0.391,0.828,5.649901647467438
721,0.418,1.828,4281.189,3720.103,0.646,0.646,1.0,0.914,4,6623,5755,135.0,0.646,1.0,1.0,1.0,0.729530074568073
722,30.085,32.126,2259.858,3735.617,7.757,9.05,0.366,10.423,4,3497,5779,119.745,7.676,1.403,0.713,0.6,6.189136587873738
723,309.208,94.43,1.293,3778.281,10.989,42.663,0.436,42.683,4,2,5911,88.264,10.989,3.517,0.284,0.941,19.841770413661937
724,13661.155,489.654,3503.555,3828.701,107.304,175.178,0.716,178.93,4,5493,5923,102.731,107.109,1.728,0.579,0.946,131.88602190056568
725,112.401,50.317,4391.726,3977.376,16.16,13.575,0.558,17.655,4,6794,6169,23.749,10.621,2.026,0.494,0.729,11.963001214903263
726,2.507,4.949,4416.29,4054.945,1.939,1.293,1.0,2.331,4,6832,6273,146.31,1.293,1.5,0.667,1.0,1.7866201439172942
727,0.836,3.121,4410.472,4057.531,0.646,1.293,1.0,1.445,4,6823,6277,116.565,0.646,2.0,0.5,1.0,1.031711325613224
728,219.789,84.493,169.36,4077.569,23.917,18.1,0.387,27.28,4,265,6335,36.327,14.165,2.236,0.447,0.762,16.728539873455684
729,292493.886,2615.848,2004.525,4086.619,750.485,558.5,0.537,886.649,4,3138,6368,143.598,545.558,1.605,0.623,0.856,610.2579636911415
730,4.596,9.363,3755.656,4193.277,1.939,3.878,0.659,4.336,4,5810,6487,116.565,1.84,2.923,0.342,0.786,2.4190512494783585
731,0.418,1.828,776.988,4200.388,0.646,0.646,1.0,0.914,4,1202,6498,135.0,0.646,1.0,1.0,1.0,0.729530074568073
732,22.146,19.641,773.756,4202.327,6.464,5.818,0.721,8.278,4,1197,6501,141.34,4.525,2.128,0.47,0.822,5.3101000892360695
733,4460.538,535.391,4607.628,4230.123,29.735,254.04,0.196,254.041,4,7173,6544,90.146,29.735,8.985,0.111,0.897,75.3613519809318
734,15.878,15.07,2778.281,4276.018,5.818,3.232,0.879,6.366,4,4298,6619,23.962,3.232,1.78,0.562,0.927,4.496275958090752
735,99214.486,1295.033,3833.872,4320.621,411.765,324.499,0.743,432.641,4,5969,6848,150.064,322.559,1.38,0.724,0.981,355.4206057416666
736,7.939,11.57,4529.412,4332.902,2.586,4.525,0.745,4.706,4,7009,6710,74.055,2.586,1.744,0.573,0.864,3.179347220052012
737,216.446,60.503,372.334,4359.405,20.039,15.514,0.743,22.29,4,577,6762,29.539,15.514,1.273,0.785,0.898,16.600831500251637
738,11.7,12.485,3046.542,4414.35,3.878,3.878,0.943,5.049,4,4713,6834,39.806,3.878,1.386,0.722,0.889,3.859650589548412
739,27742.667,710.64,3298.643,4449.903,192.631,195.217,0.69,240.78,4,5135,6897,129.116,173.854,1.38,0.724,0.911,187.9443021238453
740,2.089,5.485,1426.632,4573.368,1.939,1.939,0.873,2.331,4,2207,7075,123.69,1.735,1.496,0.668,0.714,1.6308885335766374
741,0.418,1.828,3809.955,4624.434,0.646,0.646,1.0,0.914,4,5894,7154,135.0,0.646,1.0,1.0,1.0,0.729530074568073
910,7165.275,374.128,3908.856,1.293,137.039,63.995,0.643,143.301,6,6048,70,17.863,63.995,2.104,0.475,0.946,95.51498039000084
911,262.409,69.396,4559.793,1.293,25.21,14.221,0.685,25.416,6,7054,20,7.306,14.221,1.779,0.562,0.896,18.278662853020982
912,14309.657,461.72,900.452,57.531,142.857,137.039,0.843,145.781,6,1398,235,24.633,129.178,1.093,0.915,0.977,134.98007691506302
913,1.254,3.657,1168.067,70.459,1.293,1.293,1.0,1.828,6,1807,111,45.0,1.293,1.464,0.683,0.857,1.263583154801414
914,160.872,79.765,179.703,174.531,25.856,13.575,0.318,27.394,6,278,284,19.29,12.06,1.742,0.574,0.685,14.311833985923506
915,2.925,5.485,994.829,228.184,1.939,1.939,1.0,2.331,6,1539,353,123.69,1.939,1.069,0.936,0.875,1.9298252947742056
916,0.418,1.828,190.692,244.99,0.646,0.646,1.0,0.914,6,295,379,135.0,0.646,1.0,1.0,1.0,0.729530074568073
917,1.254,3.657,1264.383,337.427,1.293,1.293,1.0,1.828,6,1956,524,45.0,1.293,1.464,0.683,0.857,1.263583154801414
918,1.671,4.949,910.149,421.461,1.293,1.939,0.857,2.044,6,1408,652,108.435,1.293,1.468,0.681,0.8,1.4586237620621902
919,28.832,26.197,2542.986,632.838,9.696,6.464,0.528,10.7,6,3934,980,154.983,5.171,1.946,0.514,0.726,6.058881295569687
920,10.028,14.313,374.919,654.816,5.818,3.232,0.615,6.132,6,580,1018,18.435,2.822,2.581,0.388,0.787,3.5732402878345884
921,0.836,2.742,4051.067,660.633,1.293,0.646,1.0,1.445,6,6267,1022,153.435,0.646,2.0,0.5,1.0,1.031711325613224
922,3.343,5.864,2498.384,749.838,1.939,1.939,1.0,2.742,6,3865,1160,135.0,1.939,1.229,0.814,0.941,2.0631141020432318
923,70.616,34.176,3978.022,789.27,11.635,9.05,0.76,11.919,6,6154,1230,167.471,9.05,1.325,0.755,0.883,9.482145521506103
924,34.681,22.697,2734.971,793.794,7.111,8.403,0.846,9.003,6,4234,1228,111.038,5.485,1.511,0.662,0.878,6.645089965603188
925,1.254,3.657,562.379,899.16,1.293,1.293,1.0,1.828,6,870,1393,45.0,1.293,1.464,0.683,0.857,1.263583154801414
926,4.596,7.692,3178.41,1023.271,2.586,2.586,0.976,3.232,6,4917,1583,126.87,2.586,1.343,0.745,0.815,2.4190512494783585
927,73.959,37.611,3107.304,1147.382,12.928,10.343,0.657,13.326,6,4812,1775,129.094,9.436,1.515,0.66,0.823,9.703995233359706
928,4.178,7.313,2548.804,1158.371,2.586,2.586,0.982,2.891,6,3944,1792,116.565,2.285,1.241,0.806,0.8,2.3064246829028496
929,1.671,3.657,10.343,1210.73,1.293,1.293,1.0,1.828,6,16,1873,135.0,1.293,1.0,1.0,1.0,1.4586237620621902
930,35.517,31.147,658.048,1224.305,9.05,11.635,0.46,13.743,6,1018,1912,48.814,4.625,3.368,0.297,0.783,6.724704373454552
931,322.162,82.443,762.767,1250.808,21.332,29.735,0.596,32.321,6,1181,1980,53.13,13.851,2.576,0.388,0.867,20.25313304678981
932,1.254,3.657,271.493,1285.714,1.293,1.293,1.0,1.828,6,420,1989,135.0,1.293,1.464,0.683,0.857,1.263583154801414
933,2.089,4.949,2240.465,1345.184,1.293,1.939,1.0,2.331,6,3466,2084,56.31,1.293,1.553,0.644,0.909,1.6308885335766374
934,11.7,17.212,2664.512,1365.223,5.171,6.464,0.496,7.538,6,4123,2112,120.964,2.566,3.73,0.268,0.727,3.859650589548412
935,432.474,120.849,3063.995,1374.919,43.31,15.514,0.372,44.527,6,4740,2147,13.431,15.478,3.121,0.32,0.79,23.465783576727087
936,776.781,145.18,4155.785,1391.726,54.299,32.967,0.463,59.333,6,6429,2197,23.772,18.342,3.411,0.293,0.855,31.4488201177552
937,1101040.486,5331.94,1998.707,1405.947,1265.676,1456.367,0.487,1660.155,6,3416,2179,122.502,1066.971,1.689,0.592,0.855,1184.01363468907
938,1.254,3.657,2557.207,1406.593,1.293,1.293,1.0,1.828,6,3956,2178,45.0,1.293,1.464,0.683,0.857,1.263583154801414
939,26.324,23.298,3045.249,1406.593,9.696,5.171,0.609,10.7,6,4711,2176,154.983,4.213,2.81,0.356,0.834,5.789365921723071
940,1.671,4.949,2494.505,1407.886,1.293,1.939,0.857,2.044,6,3860,2178,108.435,1.293,1.468,0.681,0.8,1.4586237620621902
941,0.418,1.828,3002.586,1427.279,0.646,0.646,1.0,0.914,6,4645,2208,135.0,0.646,1.0,1.0,1.0,0.729530074568073
942,42.621,46.504,4182.288,1453.135,10.343,14.221,0.248,14.353,6,6476,2270,82.235,8.934,1.665,0.601,0.463,7.366596407850601
943,23921.438,619.797,1.293,1464.124,138.979,213.963,0.783,215.224,6,58,2265,96.207,138.979,1.519,0.658,0.979,174.5214050726455
944,2.507,6.242,981.9,1475.113,1.293,2.586,0.809,2.891,6,1519,2286,63.435,1.293,2.082,0.48,0.857,1.7866201439172942
945,95.687,39.217,2634.777,1524.24,14.221,11.635,0.782,14.28,6,4076,2368,5.194,10.985,1.242,0.805,0.874,11.03777479010482
946,1.671,3.657,1896.574,1526.18,1.293,1.293,1.0,1.828,6,2934,2361,135.0,1.293,1.0,1.0,1.0,1.4586237620621902
947,0.418,1.828,2564.318,1565.611,0.646,0.646,1.0,0.914,6,3967,2422,135.0,0.646,1.0,1.0,1.0,0.729530074568073
948,0.418,1.828,3425.986,1566.257,0.646,0.646,1.0,0.914,6,5300,2423,135.0,0.646,1.0,1.0,1.0,0.729530074568073
949,159.2,85.786,1280.543,1579.186,35.553,16.16,0.272,38.056,6,1981,2464,20.898,6.961,6.865,0.146,0.72,14.237265731938766
950,0.836,3.121,1433.743,1588.882,0.646,1.293,1.0,1.445,6,2218,2458,116.565,0.646,2.0,0.5,1.0,1.031711325613224
951,1.671,4.571,1524.24,1596.639,1.939,1.293,1.0,2.044,6,2358,2470,161.565,1.293,1.468,0.681,0.8,1.4586237620621902
952,78.973,34.711,3520.362,1605.042,10.989,10.343,0.824,12.551,6,5447,2494,34.509,9.812,1.232,0.812,0.917,10.027539407370584
953,7.521,10.278,2112.476,1618.617,2.586,3.878,0.895,4.661,6,3268,2510,56.31,2.586,1.941,0.515,0.878,3.094516863090773
954,5.014,9.363,1870.071,1626.374,1.939,3.878,0.719,3.932,6,2894,2516,99.462,1.939,2.016,0.496,0.8,2.5266624383368086
955,1.671,3.657,2561.086,1643.18,1.293,1.293,1.0,1.828,6,3962,2542,135.0,1.293,1.0,1.0,1.0,1.4586237620621902
956,1.671,4.949,2739.496,1694.893,1.293,1.939,0.857,2.044,6,4239,2622,108.435,1.293,1.468,0.681,0.8,1.4586237620621902
957,4.596,7.313,3932.773,1765.999,2.586,2.586,1.0,2.891,6,6085,2732,116.565,2.586,1.139,0.878,0.815,2.4190512494783585
958,0.418,1.828,4156.432,1784.098,0.646,0.646,1.0,0.914,6,6430,2760,135.0,0.646,1.0,1.0,1.0,0.729530074568073
959,0.836,2.742,778.927,1789.27,1.293,0.646,1.0,1.445,6,1205,2768,153.435,0.646,2.0,0.5,1.0,1.031711325613224
960,80786.509,1339.15,610.86,1789.27,398.836,333.549,0.566,429.135,6,957,3123,25.137,298.61,1.569,0.638,0.862,320.7188456263572
961,0.836,3.657,2000.0,1829.347,1.293,1.293,0.785,1.828,6,3094,2830,135.0,0.914,2.646,0.378,0.667,1.031711325613224
962,15.878,16.52,3018.1,1879.121,3.878,6.464,0.731,6.592,6,4671,2907,101.31,3.748,1.983,0.504,0.817,4.496275958090752
963,15.043,14.313,3029.735,1892.049,4.525,4.525,0.923,5.561,6,4688,2934,54.462,4.293,1.264,0.791,0.867,4.376453183966561
964,1.671,3.657,352.941,1932.773,1.293,1.293,1.0,1.828,6,546,2990,135.0,1.293,1.0,1.0,1.0,1.4586237620621902
965,0.836,2.742,1321.913,1980.608,1.293,0.646,1.0,1.445,6,2045,3064,153.435,0.646,2.0,0.5,1.0,1.031711325613224
966,0.418,1.828,997.414,1992.889,0.646,0.646,1.0,0.914,6,1543,3083,135.0,0.646,1.0,1.0,1.0,0.729530074568073
967,5.014,8.071,1861.021,2015.514,2.586,2.586,0.967,3.232,6,2879,3118,126.87,2.586,1.218,0.821,0.889,2.5266624383368086
968,338.876,89.913,3579.832,2041.37,20.685,36.199,0.527,37.313,6,5546,3158,104.036,11.852,3.006,0.333,0.898,20.771863757536853
969,3.343,5.864,2038.138,2070.459,1.939,1.939,1.0,2.742,6,3153,3203,135.0,1.939,1.229,0.814,0.941,2.0631141020432318
970,51.813,30.833,3230.769,2086.619,12.928,6.464,0.685,12.993,6,4998,3233,174.289,5.845,2.394,0.418,0.858,8.122214016594427
971,0.418,1.828,4313.51,2128.636,0.646,0.646,1.0,0.914,6,6673,3293,135.0,0.646,1.0,1.0,1.0,0.729530074568073
972,11.7,15.227,3311.571,2144.15,3.878,5.818,0.634,6.366,6,5124,3317,113.962,3.196,2.566,0.39,0.718,3.859650589548412
973,57.663,30.454,2032.967,2159.664,10.343,9.05,0.781,12.928,6,3145,3355,36.87,6.787,1.959,0.511,0.89,8.56847780344115
974,0.418,1.828,4149.321,2187.46,0.646,0.646,1.0,0.914,6,6419,3384,135.0,0.646,1.0,1.0,1.0,0.729530074568073
975,0.836,3.121,992.889,2195.217,0.646,1.293,1.0,1.445,6,1536,3396,116.565,0.646,2.0,0.5,1.0,1.031711325613224
976,2.089,4.949,3301.228,2204.266,1.293,1.939,1.0,2.331,6,5107,3413,56.31,1.293,1.553,0.644,0.909,1.6308885335766374
977,10.864,11.57,3122.818,2229.476,3.878,3.232,1.0,4.661,6,4831,3449,146.31,3.232,1.242,0.805,0.945,3.719203464991235
978,231.07,60.124,1.293,2260.504,16.807,18.746,0.803,23.145,6,3,3497,125.91,16.17,1.503,0.665,0.948,17.15247683577955
979,0.836,3.121,3741.435,2306.399,0.646,1.293,1.0,1.445,6,5788,3568,116.565,0.646,2.0,0.5,1.0,1.031711325613224
980,86.495,39.439,3484.163,2308.339,10.989,14.221,0.699,15.077,6,5393,3591,59.036,8.804,1.998,0.5,0.863,10.494229577337627
981,5.432,13.934,1377.505,2417.582,2.586,5.171,0.352,5.33,6,2133,3740,104.036,2.586,2.69,0.372,0.473,2.6298739907078064
982,2.089,4.949,1820.944,2433.743,1.293,1.939,1.0,2.331,6,2817,3768,56.31,1.293,1.553,0.644,0.909,1.6308885335766374
983,1.254,3.657,1225.598,2455.074,1.293,1.293,1.0,1.828,6,1896,3800,45.0,1.293,1.464,0.683,0.857,1.263583154801414
984,68.527,49.468,805.43,2473.82,15.514,8.403,0.352,15.991,6,1246,3835,14.036,8.381,2.051,0.488,0.682,9.340839698981377
985,10.446,12.863,1953.458,2477.699,5.171,2.586,0.793,5.782,6,3022,3837,26.565,2.586,2.366,0.423,0.893,3.646952191118429
986,0.418,1.828,2043.31,2486.102,0.646,0.646,1.0,0.914,6,3161,3846,135.0,0.646,1.0,1.0,1.0,0.729530074568073
987,5.014,8.071,3270.2,2496.445,1.939,3.232,0.967,3.481,6,5060,3867,68.199,1.939,1.579,0.633,0.889,2.5266624383368086
988,203476.169,2130.263,99.548,2513.251,548.158,607.628,0.563,625.112,6,480,3892,109.953,524.242,1.211,0.826,0.892,508.9930301900165
989,0.418,1.828,297.996,2518.423,0.646,0.646,1.0,0.914,6,461,3896,135.0,0.646,1.0,1.0,1.0,0.729530074568073
990,1.671,6.242,635.423,2550.097,1.293,2.586,0.539,2.891,6,983,3949,63.435,1.226,3.093,0.323,0.667,1.4586237620621902
991,3.343,8.985,1747.253,2555.915,3.232,2.586,0.52,3.481,6,2703,3958,21.801,2.453,1.56,0.641,0.593,2.0631141020432318
992,26.324,18.884,2109.244,2608.92,7.111,5.171,0.928,7.566,6,3263,4042,19.983,5.171,1.336,0.749,0.894,5.789365921723071
993,2.925,6.399,1212.67,2621.202,2.586,1.939,0.898,2.891,6,1876,4058,26.565,1.828,1.668,0.6,0.778,1.9298252947742056
994,0.836,3.121,3616.677,2623.788,0.646,1.293,1.0,1.445,6,5595,4059,116.565,0.646,2.0,0.5,1.0,1.031711325613224
995,2.507,5.485,467.356,2632.838,1.939,1.939,1.0,2.331,6,723,4075,33.69,1.828,1.291,0.775,0.8,1.7866201439172942
996,0.418,1.828,3345.184,2653.523,0.646,0.646,1.0,0.914,6,5175,4105,135.0,0.646,1.0,1.0,1.0,0.729530074568073
997,0.836,2.742,167.421,2661.28,1.293,0.646,1.0,1.445,6,259,4117,153.435,0.646,2.0,0.5,1.0,1.031711325613224
998,761.739,124.754,3317.388,2686.49,34.26,41.37,0.615,51.894,6,5134,4218,50.56,22.26,2.313,0.432,0.93,31.14283573419444
999,0.836,3.121,3995.475,2724.628,0.646,1.293,1.0,1.445,6,6181,4215,116.565,0.646,2.0,0.5,1.0,1.031711325613224
1000,4.178,7.156,3995.475,2747.899,1.939,2.586,1.0,2.891,6,6182,4251,116.565,1.939,1.236,0.809,0.909,2.3064246829028496
1001,29.249,20.398,2172.592,2793.148,6.464,5.818,0.883,7.538,6,3361,4329,30.964,5.818,1.182,0.846,0.892,6.1025390981098
1002,4.596,7.156,3180.995,2798.319,1.939,2.586,1.0,3.232,6,4921,4333,53.13,1.939,1.372,0.729,0.957,2.4190512494783585
1003,108.641,53.503,4610.213,2825.469,22.624,9.05,0.477,23.917,6,7132,4371,161.075,6.393,4.132,0.242,0.898,11.761208159860653
1004,35.517,23.52,1728.507,2832.579,9.05,5.171,0.807,9.61,6,2674,4383,160.346,5.171,1.883,0.531,0.919,6.724704373454552
1005,5.85,8.071,2999.354,2845.507,2.586,2.586,1.0,3.232,6,4641,4402,126.87,2.586,1.125,0.889,0.933,2.729185104880338
1006,2.089,4.949,2393.665,2847.447,1.293,1.939,1.0,2.331,6,3703,4408,56.31,1.293,1.553,0.644,0.909,1.6308885335766374
1007,136.637,48.554,2225.598,2876.535,14.867,13.575,0.728,17.066,6,3444,4471,52.696,13.264,1.168,0.856,0.889,13.189830615818323
1008,15.043,16.141,2256.626,2886.231,5.171,5.171,0.726,6.098,6,3493,4465,122.005,4.047,1.578,0.634,0.774,4.376453183966561
1009,6.686,12.485,2300.582,2896.574,2.586,5.171,0.539,5.782,6,3559,4489,63.435,2.155,3.705,0.27,0.696,2.9176839438327278
1010,343.054,73.837,2825.469,2906.917,20.039,25.21,0.791,25.416,6,4388,4536,82.694,20.039,1.215,0.823,0.926,20.899519582506592
1011,2.507,4.949,3193.924,2915.966,1.293,1.939,1.0,2.331,6,4941,4511,123.69,1.293,1.5,0.667,1.0,1.7866201439172942
1012,77.302,34.49,3049.774,2939.884,11.635,10.343,0.817,13.636,6,4718,4563,31.43,8.227,1.648,0.607,0.914,9.920885206830969
1013,21.728,17.434,2974.79,2946.994,5.818,5.171,0.898,6.366,6,4602,4560,156.038,5.11,1.205,0.83,0.881,5.259747981415613
1014,6.268,8.985,912.734,2999.354,2.586,3.232,0.976,3.769,6,1412,4645,59.036,2.586,1.392,0.718,0.882,2.825007162185611
1015,5.432,8.606,3861.668,3043.956,2.586,3.232,0.922,3.769,6,5974,4709,120.964,2.285,1.714,0.583,0.839,2.6298739907078064
1016,270.766,83.736,1945.055,3053.006,22.624,21.332,0.485,26.002,6,3010,4723,124.875,20.181,1.202,0.832,0.76,18.567444050535364
1017,1.671,3.657,625.081,3057.531,1.293,1.293,1.0,1.828,6,967,4730,135.0,1.293,1.0,1.0,1.0,1.4586237620621902
1018,6.268,9.899,1661.28,3137.039,3.232,3.232,0.804,3.769,6,2570,4857,30.964,2.869,1.523,0.656,0.75,2.825007162185611
1019,89.42,36.697,2435.036,3138.332,10.343,12.928,0.834,13.497,6,3773,4855,106.699,9.994,1.351,0.74,0.899,10.67019587871836
1020,0.418,1.828,853.911,3378.798,0.646,0.646,1.0,0.914,6,1321,5227,135.0,0.646,1.0,1.0,1.0,0.729530074568073
1021,100.702,42.625,4623.142,3404.008,12.928,12.928,0.696,15.077,6,7152,5278,30.964,11.964,1.163,0.86,0.878,11.323328513909695
1022,4.178,7.313,210.73,3460.892,2.586,2.586,0.982,2.891,6,326,5355,153.435,2.586,1.028,0.973,0.769,2.3064246829028496
1023,330.519,98.557,2117.001,3517.13,16.807,40.078,0.428,40.161,6,3283,5441,93.691,14.583,2.519,0.397,0.763,20.51413807807487
1024,10002.052,4452.802,1.293,3543.633,1126.05,1101.487,0.006,1575.202,6,2,5482,135.632,790.631,1.914,0.522,0.016,112.84949328595776
1025,110.312,39.569,2873.95,3645.766,10.343,12.282,0.885,14.526,6,4448,5640,122.276,10.343,1.195,0.837,0.95,11.85131219143371
1026,320.072,79.987,3646.412,3822.883,15.514,31.674,0.629,31.839,6,5651,5914,95.826,14.023,2.297,0.435,0.899,20.18733086771188
1027,4.178,8.606,4202.327,3950.226,2.586,3.232,0.709,3.769,6,6502,6111,120.964,2.024,2.226,0.449,0.714,2.3064246829028496
1028,17.968,22.227,2088.559,4078.216,9.05,3.878,0.457,9.412,6,3231,6314,15.945,3.878,3.158,0.317,0.705,4.783050087527979
1029,2.925,6.242,2085.326,4081.448,1.293,2.586,0.943,2.891,6,3226,6318,63.435,1.293,1.936,0.517,0.933,1.9298252947742056
1030,20.475,17.055,3246.93,4263.09,5.171,5.818,0.885,6.132,6,5025,6604,71.565,5.171,1.176,0.85,0.875,5.105837803774466
1031,10.864,13.777,3540.401,4268.261,2.586,5.818,0.719,6.132,6,5478,6612,71.565,2.586,2.486,0.402,0.852,3.719203464991235
1032,3.761,6.778,2941.823,4303.814,1.939,2.586,1.0,2.891,6,4551,6662,63.435,1.939,1.34,0.746,0.857,2.18829932316147
1033,38.86,27.176,3600.517,4360.698,10.989,5.818,0.661,11.454,6,5570,6755,16.39,5.443,2.282,0.438,0.849,7.034066299688141
1034,0.836,2.742,600.517,4397.544,1.293,0.646,1.0,1.445,6,929,6803,153.435,0.646,2.0,0.5,1.0,1.031711325613224
1035,3.761,6.778,4385.262,4493.213,1.939,2.586,1.0,2.891,6,6784,6955,63.435,1.939,1.34,0.746,0.857,2.18829932316147
1036,1.254,3.657,4323.853,4552.683,1.293,1.293,1.0,1.828,6,6689,7043,135.0,1.293,1.464,0.683,0.857,1.263583154801414
1037,1.254,3.657,3799.612,4571.429,1.293,1.293,1.0,1.828,6,5878,7072,135.0,1.293,1.464,0.683,0.857,1.263583154801414
1038,230.653,76.136,859.082,4612.799,27.149,21.332,0.5,31.202,6,1333,7167,39.958,11.765,3.052,0.328,0.849,17.13699275578418
1264,44.292,26.954,1903.038,38.138,8.403,9.05,0.766,10.758,8,2945,59,122.735,6.399,1.609,0.621,0.848,7.509615563756232
1265,14.625,14.47,84.034,65.288,5.171,4.525,0.878,6.098,8,130,107,32.005,3.586,1.887,0.53,0.854,4.315220543813695
1266,11.7,18.191,4550.743,99.548,7.757,2.586,0.444,7.996,8,7040,158,14.036,2.586,4.055,0.247,0.7,3.859650589548412
1267,1.254,4.414,4546.865,102.78,0.646,1.939,0.809,2.044,8,7034,159,108.435,0.646,3.0,0.333,1.0,1.263583154801414
1268,6.268,11.884,313.51,279.897,4.525,3.878,0.558,5.96,8,485,439,40.601,1.828,3.936,0.254,0.732,2.825007162185611
1269,156.276,55.802,277.957,427.279,17.453,16.807,0.631,22.111,8,430,686,37.875,12.411,1.695,0.59,0.857,14.105913054213552
1270,126.19,82.6,3308.339,634.131,27.149,20.039,0.232,30.9,8,5121,1010,37.349,10.126,4.317,0.232,0.556,12.675570920086011
1271,2.507,4.949,859.082,728.507,1.939,1.293,1.0,2.331,8,1329,1127,146.31,1.293,1.5,0.667,1.0,1.7866201439172942
1272,1.254,3.657,131.868,812.54,1.293,1.293,1.0,1.828,8,204,1259,45.0,1.293,1.464,0.683,0.857,1.263583154801414
1273,0.418,1.828,689.076,833.872,0.646,0.646,1.0,0.914,8,1066,1290,135.0,0.646,1.0,1.0,1.0,0.729530074568073
1274,14.625,17.277,1134.454,883.646,5.818,4.525,0.616,6.366,8,1755,1372,23.962,4.074,1.901,0.526,0.722,4.315220543813695
1275,6.268,10.278,1107.304,972.204,3.232,3.232,0.746,4.571,8,1713,1504,135.0,2.689,1.813,0.551,0.789,2.825007162185611
1276,3.761,6.778,2998.707,978.668,2.586,1.939,1.0,3.232,8,4639,1514,143.13,1.939,1.542,0.648,0.857,2.18829932316147
1277,0.418,1.828,4063.995,1000.646,0.646,0.646,1.0,0.914,8,6287,1548,135.0,0.646,1.0,1.0,1.0,0.729530074568073
1278,3.343,7.313,4057.531,1001.939,2.586,2.586,0.785,3.657,8,6277,1550,135.0,1.793,2.677,0.374,0.727,2.0631141020432318
1279,0.418,1.828,4060.763,1004.525,0.646,0.646,1.0,0.914,8,6282,1554,135.0,0.646,1.0,1.0,1.0,0.729530074568073
1280,4.178,7.156,3390.433,1063.348,1.939,2.586,1.0,3.232,8,5245,1649,53.13,1.939,1.288,0.776,0.909,2.3064246829028496
1281,15.878,21.091,3941.176,1109.244,8.403,5.171,0.449,9.867,8,6097,1716,148.392,3.127,4.344,0.23,0.704,4.496275958090752
1282,64.349,40.954,1235.294,1115.708,9.05,12.282,0.482,12.88,8,1916,1726,107.526,9.05,1.544,0.648,0.737,9.051612644394533
1283,63574.89,1194.848,1.293,1153.846,174.531,481.577,0.56,481.87,8,2,2530,88.001,174.531,2.737,0.365,0.965,284.510217743033
1284,2.507,5.485,546.218,1262.443,1.939,1.939,1.0,2.331,8,846,1953,123.69,1.828,1.291,0.775,0.8,1.7866201439172942
1285,0.418,1.828,189.399,1506.141,0.646,0.646,1.0,0.914,8,293,2330,135.0,0.646,1.0,1.0,1.0,0.729530074568073
1286,75760.203,1176.877,547.511,1552.683,353.588,315.449,0.687,361.853,8,853,2796,34.74,296.996,1.298,0.771,0.92,310.5815293554392
1287,0.836,3.657,1330.317,1564.964,1.293,1.293,0.785,1.828,8,2058,2421,135.0,0.914,2.646,0.378,0.667,1.031711325613224
1288,0.418,1.828,10.343,1638.009,0.646,0.646,1.0,0.914,8,16,2534,135.0,0.646,1.0,1.0,1.0,0.729530074568073
1289,6.268,11.57,253.394,1757.595,5.171,1.939,0.588,5.523,8,392,2719,159.444,1.881,3.745,0.267,0.789,2.825007162185611
1290,75.631,62.867,1361.345,2028.442,18.1,9.05,0.24,18.146,8,2106,3149,4.086,9.05,1.62,0.617,0.604,9.813071894563144
1291,1.254,3.657,122.172,2070.459,1.293,1.293,1.0,1.828,8,189,3205,45.0,1.293,1.464,0.683,0.857,1.263583154801414
1292,11.282,13.02,1320.621,2073.045,5.171,3.232,0.836,5.523,8,2043,3211,20.556,3.232,1.703,0.587,0.857,3.7900776434925594
1293,2.925,5.485,1343.891,2095.023,1.939,1.939,1.0,2.331,8,2079,3241,123.69,1.939,1.069,0.936,0.875,1.9298252947742056
1294,0.418,1.828,4529.412,2112.476,0.646,0.646,1.0,0.914,8,7007,3268,135.0,0.646,1.0,1.0,1.0,0.729530074568073
1295,14.625,14.313,4522.301,2146.736,5.171,3.878,0.897,6.098,8,6996,3327,32.005,3.878,1.615,0.619,0.886,4.315220543813695
1296,0.418,1.828,2052.359,2153.846,0.646,0.646,1.0,0.914,8,3175,3332,135.0,0.646,1.0,1.0,1.0,0.729530074568073
1297,4.178,6.778,1218.487,2155.139,2.586,1.939,1.0,3.232,8,1885,3337,36.87,1.939,1.551,0.645,0.909,2.3064246829028496
1298,5.85,9.363,1.293,2254.686,1.939,3.878,0.838,4.088,8,2,3488,108.435,1.939,1.851,0.54,0.903,2.729185104880338
1299,3.343,5.864,4006.464,2263.736,1.939,1.939,1.0,2.742,8,6198,3502,135.0,1.939,1.229,0.814,0.941,2.0631141020432318
1300,0.418,1.828,856.496,2300.582,0.646,0.646,1.0,0.914,8,1325,3559,135.0,0.646,1.0,1.0,1.0,0.729530074568073
1301,41.367,28.626,4139.625,2303.814,8.403,9.696,0.634,12.417,8,6405,3579,51.34,5.451,2.644,0.378,0.843,7.257416912859525
1302,713.686,119.794,3817.712,2325.792,39.431,40.724,0.625,49.874,8,5912,3598,132.374,16.912,3.005,0.333,0.951,30.14453910286006
1303,30.085,35.69,491.273,2432.45,16.16,4.525,0.297,16.782,8,760,3763,164.358,2.662,8.159,0.123,0.77,6.189136587873738
1304,210370.26,2166.151,4169.36,2740.142,468.003,689.076,0.563,711.855,8,6865,5296,73.704,468.003,1.279,0.782,0.922,517.5439440938496
1305,2.089,4.949,1856.496,2876.535,1.939,1.293,1.0,2.331,8,2872,4452,33.69,1.293,1.553,0.644,0.909,1.6308885335766374
1306,0.418,1.828,4164.835,3123.465,0.646,0.646,1.0,0.914,8,6443,4832,135.0,0.646,1.0,1.0,1.0,0.729530074568073
1307,1.671,3.657,2842.922,3166.774,1.293,1.293,1.0,1.828,8,4398,4899,135.0,1.293,1.0,1.0,1.0,1.4586237620621902
1308,16.714,22.984,3537.815,3321.267,9.696,3.878,0.398,10.443,8,5473,5138,158.199,3.258,4.333,0.231,0.684,4.61312537773509
1309,12.953,16.141,3769.877,3367.162,4.525,5.818,0.625,6.655,8,5833,5218,60.945,3.657,1.969,0.508,0.729,4.061067818068859
1310,8.775,10.813,3781.513,3378.798,3.232,3.878,0.943,5.049,8,5850,5227,129.806,3.2,1.705,0.587,0.875,3.34255546028051
1311,0.836,2.742,3773.756,3399.483,1.293,0.646,1.0,1.445,8,5838,5259,153.435,0.646,2.0,0.5,1.0,1.031711325613224
1312,224.803,71.186,3634.777,3410.472,20.039,25.21,0.557,30.512,8,5624,5276,126.384,11.493,2.892,0.346,0.861,16.91827619395956
1313,28.832,21.469,2270.2,3431.157,7.757,5.818,0.786,8.98,8,3512,5316,30.256,5.11,1.909,0.524,0.857,6.058881295569687
1314,128.28,63.115,4185.52,3496.445,22.624,17.453,0.405,28.184,8,6475,5410,143.393,8.468,3.917,0.255,0.779,12.780108324995789
1315,5.85,8.985,3498.384,3562.379,2.586,3.232,0.911,3.769,8,5413,5511,120.964,2.586,1.471,0.68,0.848,2.729185104880338
1316,6.268,10.813,3497.091,3570.136,4.525,2.586,0.674,5.212,8,5410,5523,150.255,2.024,3.069,0.326,0.789,2.825007162185611
1317,7.939,12.485,3502.909,3612.153,2.586,5.171,0.64,5.33,8,5420,5588,104.036,2.586,2.234,0.448,0.792,3.179347220052012
1318,53.485,32.504,3625.727,3731.092,10.989,8.403,0.636,12.196,8,5609,5783,32.005,7.427,1.797,0.556,0.778,8.252224975735949
1319,32.174,23.676,3725.921,3827.408,7.111,7.757,0.721,9.696,8,5764,5921,126.87,5.916,1.574,0.635,0.837,6.400406948961068
1320,4.596,7.156,3658.694,3911.441,2.586,1.939,1.0,3.232,8,5660,6054,36.87,1.939,1.372,0.729,0.957,2.4190512494783585
1321,6.268,11.57,3775.695,3959.922,4.525,2.586,0.588,4.923,8,5841,6126,156.801,2.453,2.523,0.396,0.714,2.825007162185611
1322,9.611,12.485,3832.579,4060.763,3.232,4.525,0.775,5.212,8,5930,6289,60.255,3.232,1.522,0.657,0.836,3.498157409901625
1323,7.103,10.434,1327.085,4175.824,3.878,3.232,0.82,4.661,8,2053,6465,33.69,2.742,1.942,0.515,0.791,3.0072945459754785
1324,4.596,11.727,1334.842,4179.703,3.878,3.878,0.42,5.485,8,2065,6472,45.0,2.019,3.852,0.26,0.579,2.4190512494783585
1325,13.371,14.313,725.921,4265.676,3.878,5.171,0.82,5.523,8,1125,6607,69.444,3.878,1.362,0.734,0.81,4.126073915073973
1326,42.203,28.09,3096.315,4328.378,11.635,5.818,0.672,12.484,8,4790,6704,21.251,5.292,2.569,0.389,0.863,7.330383926265942
1327,12.118,15.606,4058.177,4343.245,6.464,3.232,0.625,6.749,8,6278,6720,163.301,2.979,2.908,0.344,0.753,3.927991446413893
1328,122.848,78.629,3413.704,4551.39,18.746,16.807,0.25,22.016,8,5281,7041,139.764,14.543,1.549,0.646,0.553,12.506595523627734
1426,13732.608,510.583,2546.865,1.293,177.117,113.122,0.662,177.175,10,3940,9,1.463,113.122,1.292,0.774,0.956,132.23047892958132
1427,5.85,9.363,4261.797,40.724,1.939,3.878,0.838,4.336,10,6593,69,63.435,1.939,2.363,0.423,0.875,2.729185104880338
1428,165.468,67.686,3952.165,45.895,22.624,20.685,0.454,27.486,10,6119,71,131.186,9.112,3.596,0.278,0.786,14.51483382571905
1429,8.357,10.434,2899.16,93.083,3.878,3.232,0.965,4.336,10,4485,148,26.565,3.18,1.444,0.692,0.851,3.261972237060235
1430,0.836,3.121,786.037,122.818,0.646,1.293,1.0,1.445,10,1216,190,116.565,0.646,2.0,0.5,1.0,1.031711325613224
1431,7.103,9.363,2548.158,124.758,2.586,3.232,1.0,4.139,10,3942,198,51.34,2.586,1.497,0.668,0.919,3.0072945459754785
1432,1.671,3.657,2545.572,129.282,1.293,1.293,1.0,1.828,10,3938,200,135.0,1.293,1.0,1.0,1.0,1.4586237620621902
1433,7.103,9.52,3118.293,133.161,3.232,3.232,0.985,3.481,10,4826,206,111.801,3.2,1.044,0.957,0.85,3.0072945459754785
1434,2.089,4.571,2384.615,133.807,1.939,1.293,1.0,2.331,10,3689,209,33.69,1.293,1.553,0.644,0.909,1.6308885335766374
1435,7.939,13.242,2535.229,141.564,1.939,5.818,0.569,5.96,10,3922,228,77.471,1.939,3.341,0.299,0.826,3.179347220052012
1436,377.736,84.022,3105.365,147.382,18.1,31.674,0.672,32.204,10,4820,228,100.408,16.966,1.862,0.537,0.925,21.930536078036976
1437,4.178,8.606,3013.575,153.846,2.586,3.232,0.709,3.769,10,4663,243,59.036,2.249,1.908,0.524,0.714,2.3064246829028496
1438,314.64,90.643,3270.2,246.283,36.846,16.16,0.481,39.495,10,5059,405,21.105,12.06,3.597,0.278,0.897,20.01529640938329
1439,5.014,8.071,3324.499,246.93,2.586,2.586,0.967,3.232,10,5143,382,126.87,2.586,1.218,0.821,0.889,2.5266624383368086
1440,95.687,55.397,2182.935,260.504,9.05,22.624,0.392,22.854,10,3377,438,81.87,8.603,3.168,0.316,0.704,11.03777479010482
1441,342.636,94.679,4597.285,265.676,14.867,40.078,0.48,40.703,10,7117,473,79.939,11.445,4.012,0.249,0.905,20.88678301342448
1442,0.836,3.657,2192.631,278.604,1.293,1.293,0.785,1.828,10,3392,431,135.0,0.914,2.646,0.378,0.667,1.031711325613224
1443,4.178,7.692,1993.536,283.129,2.586,2.586,0.887,3.232,10,3084,441,36.87,2.453,1.216,0.823,0.769,2.3064246829028496
1444,23.817,34.176,2181.642,283.129,8.403,10.343,0.256,11.653,10,3377,453,56.31,6.809,2.265,0.441,0.44,5.506790920032953
1445,7.939,14.47,2195.863,283.775,4.525,5.171,0.476,6.871,10,3397,439,131.186,2.221,3.87,0.258,0.704,3.179347220052012
1446,2.507,5.485,1195.863,325.792,1.939,1.939,1.0,2.742,10,1850,507,45.0,1.735,1.809,0.553,0.8,1.7866201439172942
1447,1.671,4.949,1186.167,328.378,1.939,1.293,0.857,2.331,10,1835,510,33.69,1.293,2.0,0.5,0.8,1.4586237620621902
1448,2.507,5.485,1150.614,340.013,1.939,1.939,1.0,2.331,10,1780,526,123.69,1.828,1.291,0.775,0.8,1.7866201439172942
1449,25.071,19.641,3045.249,361.345,7.111,5.171,0.817,7.37,10,4711,566,15.255,5.171,1.373,0.728,0.87,5.649901647467438
1450,54.738,37.454,3190.692,361.345,9.05,14.221,0.49,16.199,10,4937,559,118.61,5.493,3.342,0.299,0.811,8.348328347622255
1451,33.428,22.762,3942.469,422.107,5.818,7.757,0.811,8.673,10,6100,653,116.565,5.818,1.376,0.727,0.865,6.52394447412047
1452,20.475,21.313,2263.736,432.45,5.171,7.757,0.566,7.864,10,3506,669,99.462,4.995,1.598,0.626,0.715,5.105837803774466
1453,57.245,36.605,3782.159,479.638,6.464,14.867,0.537,15.091,10,5853,765,80.134,6.464,2.502,0.4,0.813,8.537364800590659
1454,94.434,56.873,305.107,525.533,18.746,16.16,0.367,24.333,10,472,838,39.611,6.856,3.523,0.284,0.704,10.965268039018488
1455,19.639,21.469,1458.306,547.511,5.818,7.111,0.535,7.37,10,2259,847,105.255,5.602,1.535,0.652,0.653,5.000515115371002
1456,573133.395,3463.135,3592.76,568.197,921.138,886.878,0.601,1016.807,10,5603,2058,36.833,750.11,1.284,0.779,0.964,854.2459264885717
1457,9.611,12.485,441.5,572.075,2.586,5.171,0.775,5.523,10,683,885,110.556,2.586,2.359,0.424,0.868,3.498157409901625
1458,73.541,32.126,1643.827,574.014,10.343,9.696,0.895,11.308,10,2544,891,149.036,9.599,1.117,0.895,0.929,9.67653395381676
1459,56745.566,963.426,1252.747,574.661,264.383,294.118,0.768,324.039,10,2026,1331,57.546,239.341,1.369,0.731,0.966,268.7949006576931
1460,68.945,35.782,1215.902,612.153,14.221,7.757,0.677,15.365,10,1881,957,22.249,7.757,2.082,0.48,0.88,9.369284946662994
1461,27.16,19.798,3879.121,632.191,7.111,5.818,0.871,8.1,10,6001,979,151.39,4.625,1.831,0.546,0.884,5.880577015481306
1462,1415.255,179.826,2835.811,648.352,45.895,64.641,0.55,76.057,10,4394,1003,121.799,28.93,2.482,0.403,0.926,42.44948329348854
1463,0.418,1.828,3036.199,658.694,0.646,0.646,1.0,0.914,10,4697,1019,135.0,0.646,1.0,1.0,1.0,0.729530074568073
1464,1.671,6.242,3078.862,663.866,1.293,2.586,0.539,2.891,10,4763,1031,63.435,1.226,3.093,0.323,0.667,1.4586237620621902
1465,10.446,13.934,2908.856,718.164,3.878,5.171,0.676,6.464,10,4500,1111,126.87,2.602,2.882,0.347,0.82,3.646952191118429
1466,11640.02,439.532,2934.712,718.164,129.282,122.818,0.757,136.803,10,4552,1289,52.101,119.914,1.074,0.931,0.956,121.73961461047998
1467,16.296,14.313,3061.409,745.96,4.525,4.525,1.0,5.96,10,4736,1154,130.601,4.114,1.414,0.707,0.929,4.555075369409843
1468,11.282,13.556,640.595,806.076,4.525,4.525,0.772,5.561,10,991,1254,35.538,3.586,1.923,0.52,0.794,3.7900776434925594
1469,15.043,16.363,2314.803,870.718,3.232,6.464,0.706,6.749,10,3583,1347,106.699,3.232,2.141,0.467,0.857,4.376453183966561
1470,3.343,7.156,2453.782,873.303,1.939,2.586,0.82,3.232,10,3796,1355,53.13,1.939,1.767,0.566,0.842,2.0631141020432318
1471,4.178,6.778,2346.477,873.95,2.586,1.939,1.0,2.891,10,3630,1353,153.435,1.939,1.384,0.723,0.909,2.3064246829028496
1472,1.671,4.571,1772.463,894.635,1.939,1.293,1.0,2.331,10,2742,1384,146.31,1.293,2.031,0.492,0.8,1.4586237620621902
1473,3.343,5.864,1747.253,898.513,1.939,1.939,1.0,2.742,10,2703,1390,135.0,1.939,1.229,0.814,0.941,2.0631141020432318
1474,0.836,3.121,1542.34,901.745,0.646,1.293,1.0,1.445,10,2386,1395,116.565,0.646,2.0,0.5,1.0,1.031711325613224
1475,7.103,12.106,1452.489,915.966,5.171,2.586,0.609,5.33,10,2247,1418,165.964,2.249,2.824,0.354,0.739,3.0072945459754785
1476,1.671,3.657,1797.673,930.834,1.293,1.293,1.0,1.828,10,2781,1440,135.0,1.293,1.0,1.0,1.0,1.4586237620621902
1477,0.836,2.742,2464.124,978.668,1.293,0.646,1.0,1.445,10,3812,1514,153.435,0.646,2.0,0.5,1.0,1.031711325613224
1478,0.418,1.828,2381.383,985.779,0.646,0.646,1.0,0.914,10,3684,1525,135.0,0.646,1.0,1.0,1.0,0.729530074568073
1479,2.507,5.485,2498.384,989.011,1.939,1.939,1.0,2.331,10,3865,1530,123.69,1.828,1.291,0.775,0.8,1.7866201439172942
1480,0.418,1.828,2222.366,1010.343,0.646,0.646,1.0,0.914,10,3438,1563,135.0,0.646,1.0,1.0,1.0,0.729530074568073
1481,2.507,4.949,2515.837,1010.343,1.939,1.293,1.0,2.331,10,3892,1563,146.31,1.293,1.5,0.667,1.0,1.7866201439172942
1482,0.418,1.828,2275.372,1024.564,0.646,0.646,1.0,0.914,10,3520,1585,135.0,0.646,1.0,1.0,1.0,0.729530074568073
1483,9.193,11.192,2213.963,1038.138,3.878,3.232,0.922,4.661,10,3425,1607,146.31,3.232,1.369,0.73,0.863,3.421241168750071
1484,0.836,3.121,1630.899,1049.774,0.646,1.293,1.0,1.445,10,2523,1624,116.565,0.646,2.0,0.5,1.0,1.031711325613224
1485,9.193,10.656,2274.725,1055.591,3.232,3.232,1.0,4.571,10,3519,1638,45.0,3.232,1.288,0.776,0.936,3.421241168750071
1486,99.866,39.883,1720.103,1065.934,10.343,11.635,0.789,13.451,10,2664,1649,125.218,10.343,1.114,0.898,0.892,11.27622899619025
1487,0.418,1.828,1856.496,1080.802,0.646,0.646,1.0,0.914,10,2872,1672,135.0,0.646,1.0,1.0,1.0,0.729530074568073
1488,1.671,3.657,2329.67,1088.559,1.293,1.293,1.0,1.828,10,3604,1684,135.0,1.293,1.0,1.0,1.0,1.4586237620621902
1489,0.836,3.121,2168.714,1111.183,0.646,1.293,1.0,1.445,10,3355,1719,116.565,0.646,2.0,0.5,1.0,1.031711325613224
1490,36.353,24.812,110.537,1133.161,9.05,5.818,0.742,9.61,10,171,1756,160.346,5.818,1.622,0.617,0.883,6.803387183584172
1491,0.836,2.742,2254.04,1138.979,1.293,0.646,1.0,1.445,10,3487,1762,153.435,0.646,2.0,0.5,1.0,1.031711325613224
1492,3.343,5.864,1560.44,1162.896,1.939,1.939,1.0,2.742,10,2414,1799,135.0,1.939,1.229,0.814,0.941,2.0631141020432318
1493,0.418,1.828,3596.639,1179.703,0.646,0.646,1.0,0.914,10,5564,1825,135.0,0.646,1.0,1.0,1.0,0.729530074568073
1494,11.7,16.742,4626.374,1195.863,2.586,7.111,0.525,7.37,10,7158,1861,74.745,2.586,3.209,0.312,0.848,3.859650589548412
1495,16.296,14.848,103.426,1208.791,4.525,5.171,0.929,6.464,10,160,1870,126.87,3.657,1.766,0.566,0.907,4.555075369409843
1496,16.296,14.692,240.465,1276.018,4.525,4.525,0.949,5.96,10,372,1981,40.601,4.336,1.386,0.721,0.918,4.555075369409843
1497,310.462,83.238,1.293,1297.35,31.674,14.867,0.563,33.276,10,2,2030,24.075,11.477,3.084,0.324,0.915,19.881964076458043
1498,0.418,1.828,3612.153,1316.096,0.646,0.646,1.0,0.914,10,5588,2036,135.0,0.646,1.0,1.0,1.0,0.729530074568073
1499,0.418,1.828,3625.727,1337.427,0.646,0.646,1.0,0.914,10,5609,2069,135.0,0.646,1.0,1.0,1.0,0.729530074568073
1500,0.418,1.828,3695.54,1388.494,0.646,0.646,1.0,0.914,10,5717,2148,135.0,0.646,1.0,1.0,1.0,0.729530074568073
1501,2.925,6.778,360.698,1409.825,1.939,2.586,0.8,3.232,10,558,2185,53.13,1.735,2.339,0.427,0.778,1.9298252947742056
1502,107.805,67.659,341.952,1413.058,18.746,13.575,0.296,21.729,10,529,2204,30.379,13.324,1.9,0.526,0.611,11.715869115015506
1503,0.418,1.828,3785.391,1421.461,0.646,0.646,1.0,0.914,10,5856,2199,135.0,0.646,1.0,1.0,1.0,0.729530074568073
1504,1.254,3.657,1771.816,1423.4,1.293,1.293,1.0,1.828,10,2741,2202,135.0,1.293,1.464,0.683,0.857,1.263583154801414
1505,5.85,11.349,351.648,1431.157,4.525,3.232,0.571,5.561,10,544,2214,144.462,1.939,3.881,0.258,0.7,2.729185104880338
1506,66.856,30.611,4268.261,1436.975,10.989,9.05,0.897,11.289,10,6603,2228,156.371,8.673,1.321,0.757,0.914,9.22625075547018
1507,29.667,20.555,4013.575,1458.953,7.111,5.818,0.882,7.89,10,6209,2259,145.008,5.705,1.367,0.731,0.887,6.145990365568276
1508,3.761,9.899,2297.996,1482.224,3.878,2.586,0.482,4.088,10,3555,2296,18.435,2.151,2.283,0.438,0.545,2.18829932316147
1509,3.343,6.778,424.047,1505.495,1.939,2.586,0.914,2.891,10,657,2333,63.435,1.939,1.554,0.644,0.8,2.0631141020432318
1510,28.832,22.227,400.776,1540.401,4.525,9.05,0.733,9.412,10,621,2383,105.945,4.479,2.287,0.437,0.868,6.058881295569687
1511,8.357,11.192,1424.047,1559.147,3.232,3.878,0.838,5.049,10,2203,2418,50.194,3.18,1.692,0.591,0.851,3.261972237060235
1512,7.939,10.434,2612.799,1582.418,3.232,3.878,0.916,3.932,10,4043,2448,99.462,3.232,1.111,0.9,0.809,3.179347220052012
1513,11.7,13.02,4360.698,1589.528,3.878,4.525,0.867,5.96,10,6746,2459,130.601,3.2,2.072,0.483,0.875,3.859650589548412
1514,1308999.339,4861.467,3469.942,1595.346,1167.421,1449.903,0.696,1599.94,10,5989,4641,61.395,1167.421,1.184,0.844,0.965,1290.9956322338928
1515,26.742,20.777,13.575,1605.042,3.878,8.403,0.778,8.792,10,23,2496,72.897,3.878,2.221,0.45,0.928,5.835149690051466
1516,2325.33,315.432,552.683,1645.766,63.348,105.365,0.294,117.306,10,856,2551,121.938,29.622,4.047,0.247,0.761,54.41233417671968
1517,132191.965,1484.274,2210.084,1672.269,491.92,410.472,0.754,493.766,10,3419,2876,175.043,386.556,1.171,0.854,0.973,410.25850062399263
1518,0.418,1.828,652.877,1685.844,0.646,0.646,1.0,0.914,10,1010,2608,135.0,0.646,1.0,1.0,1.0,0.729530074568073
1519,25.071,20.177,2475.76,1694.247,6.464,6.464,0.774,7.89,10,3833,2621,124.992,5.372,1.628,0.614,0.811,5.649901647467438
1520,28.832,23.141,713.639,1726.568,4.525,9.696,0.677,10.221,10,1105,2671,108.435,4.293,2.674,0.374,0.885,6.058881295569687
1521,22.146,16.52,677.44,1740.789,5.171,5.171,1.0,6.098,10,1049,2693,122.005,5.171,1.055,0.948,0.93,5.3101000892360695
1522,71293.815,1133.273,628.959,1768.584,336.781,309.632,0.698,382.008,10,1022,2746,141.113,281.932,1.285,0.778,0.933,301.28741187283765
1523,3.761,7.156,457.014,1782.805,3.232,1.293,0.923,3.481,10,707,2758,158.199,1.293,2.386,0.419,0.947,2.18829932316147
1524,133136.304,1666.385,124.111,1828.054,489.981,400.129,0.602,526.077,10,238,2848,141.736,334.985,1.546,0.647,0.882,411.7212735488442
1525,0.836,2.742,377.505,1854.557,1.293,0.646,1.0,1.445,10,584,2869,153.435,0.646,2.0,0.5,1.0,1.031711325613224
1526,0.418,1.828,3524.24,1859.729,0.646,0.646,1.0,0.914,10,5452,2877,135.0,0.646,1.0,1.0,1.0,0.729530074568073
1527,3.761,7.692,3540.401,1866.839,3.232,1.939,0.799,3.481,10,5477,2890,21.801,1.939,2.013,0.497,0.783,2.18829932316147
1528,12.953,14.313,3519.716,1879.767,3.232,5.818,0.795,5.96,10,5447,2908,102.529,3.232,1.795,0.557,0.849,4.061067818068859
1529,14.207,13.177,414.35,1886.231,5.171,3.878,1.0,5.33,10,641,2920,165.964,3.878,1.242,0.805,0.872,4.253106419083874
1530,6.686,8.985,597.931,1889.463,2.586,3.232,1.0,3.769,10,926,2923,120.964,2.586,1.392,0.718,0.889,2.9176839438327278
1531,8.775,10.656,481.577,1902.392,3.232,3.232,0.971,4.139,10,745,2943,128.66,3.232,1.159,0.862,0.913,3.34255546028051
1532,15.46,15.606,3296.703,1929.541,3.232,6.464,0.798,6.592,10,5101,2995,78.69,3.232,1.968,0.508,0.881,4.436697348434488
1533,15.043,14.692,3454.428,1983.193,3.232,5.818,0.876,5.96,10,5346,3068,102.529,3.232,1.748,0.572,0.9,4.376453183966561
1534,1.671,3.657,874.596,2080.802,1.293,1.293,1.0,1.828,10,1353,3219,135.0,1.293,1.0,1.0,1.0,1.4586237620621902
1535,2.089,4.949,1312.864,2180.349,1.293,1.939,1.0,2.331,10,2031,3376,56.31,1.293,1.553,0.644,0.909,1.6308885335766374
1536,155.44,58.453,2248.869,2184.874,11.635,23.271,0.572,23.839,10,3480,3380,102.529,10.425,2.42,0.413,0.86,14.068132599376282
1537,7.521,10.656,3005.171,2310.278,4.525,1.939,0.832,4.923,10,4649,3574,156.801,1.939,2.403,0.416,0.923,3.094516863090773
1538,10.864,13.777,3059.47,2313.51,5.818,2.586,0.719,6.132,10,4733,3580,161.565,2.586,2.786,0.359,0.852,3.719203464991235
1539,0.836,3.121,961.862,2317.388,0.646,1.293,1.0,1.445,10,1488,3585,116.565,0.646,2.0,0.5,1.0,1.031711325613224
1540,8.357,20.62,3113.769,2319.328,9.696,1.939,0.247,9.782,10,4817,3591,7.595,1.58,8.459,0.118,0.625,3.261972237060235
1541,3.761,6.778,1464.771,2373.626,1.939,2.586,1.0,2.891,10,2266,3676,63.435,1.939,1.34,0.746,0.857,2.18829932316147
1542,7.939,11.035,1519.069,2531.351,3.878,2.586,0.819,4.661,10,2350,3920,33.69,2.586,1.895,0.528,0.884,3.179347220052012
1543,0.836,2.742,1378.151,2542.34,1.293,0.646,1.0,1.445,10,2132,3933,153.435,0.646,2.0,0.5,1.0,1.031711325613224
1544,0.836,3.121,2189.399,2605.688,0.646,1.293,1.0,1.445,10,3387,4031,116.565,0.646,2.0,0.5,1.0,1.031711325613224
1545,2.089,4.949,2117.647,2666.451,1.939,1.293,1.0,2.331,10,3276,4125,146.31,1.293,1.553,0.644,0.909,1.6308885335766374
1546,39.696,25.348,25.856,2842.922,9.696,5.818,0.776,10.221,10,40,4401,161.565,5.818,1.692,0.591,0.892,7.109326055809159
1547,121.594,58.988,2488.041,2850.032,20.039,10.989,0.439,20.411,10,3849,4420,10.954,10.974,2.171,0.461,0.725,12.442599776675587
1548,1.254,3.657,3089.205,2967.679,1.293,1.293,1.0,1.828,10,4779,4591,135.0,1.293,1.464,0.683,0.857,1.263583154801414
1549,5.85,8.606,369.748,3050.42,3.232,2.586,0.993,3.481,10,572,4720,158.199,2.586,1.264,0.791,0.848,2.729185104880338
1550,1439.49,149.945,2945.701,3086.619,46.542,42.017,0.805,49.441,10,4558,4817,25.56,41.2,1.183,0.845,0.94,42.81139558868432
1551,0.836,3.121,2727.86,3107.304,0.646,1.293,1.0,1.445,10,4220,4807,116.565,0.646,2.0,0.5,1.0,1.031711325613224
1552,1.254,3.657,288.946,3129.282,1.293,1.293,1.0,1.828,10,447,4843,45.0,1.293,1.464,0.683,0.857,1.263583154801414
1553,0.418,1.828,2634.131,3134.454,0.646,0.646,1.0,0.914,10,4075,4849,135.0,0.646,1.0,1.0,1.0,0.729530074568073
1554,3.761,6.778,2314.156,3258.565,1.939,2.586,1.0,2.891,10,3581,5045,63.435,1.939,1.34,0.746,0.857,2.18829932316147
1555,60595.627,1346.15,2063.995,3301.228,326.438,312.217,0.42,406.468,10,3195,5559,39.386,251.838,1.564,0.639,0.86,277.76383590097134
1556,1.254,3.657,2550.743,3334.195,1.293,1.293,1.0,1.828,10,3946,5158,135.0,1.293,1.464,0.683,0.857,1.263583154801414
1557,7.521,10.278,9.696,3376.858,3.878,2.586,0.895,4.336,10,15,5225,153.435,2.586,1.643,0.609,0.857,3.094516863090773
1558,2.507,5.485,1925.663,3420.814,1.939,1.939,1.0,2.742,10,2979,5295,45.0,1.735,1.809,0.553,0.8,1.7866201439172942
1559,114.073,52.903,2646.412,3422.107,21.978,9.696,0.512,24.022,10,4094,5309,23.806,8.668,2.877,0.348,0.86,12.05164945501545
1560,74708.477,1218.49,3247.576,3433.743,332.902,376.212,0.632,376.392,10,5196,5312,91.771,296.477,1.221,0.819,0.904,308.4182018677519
1561,40.114,26.798,3993.536,3508.08,7.111,9.05,0.702,10.602,10,6179,5428,127.569,6.852,1.704,0.587,0.853,7.1466587366059615
1562,74.795,39.883,3233.355,3526.18,16.807,7.111,0.591,17.405,10,5002,5464,15.068,6.625,2.796,0.358,0.873,9.758685964230354
1563,3.343,6.778,3084.68,3527.473,1.939,2.586,0.914,3.232,10,4772,5457,126.87,1.84,1.989,0.503,0.8,2.0631141020432318
1564,0.836,2.742,2022.624,3532.644,1.293,0.646,1.0,1.445,10,3129,5465,153.435,0.646,2.0,0.5,1.0,1.031711325613224
1565,10.446,12.106,2543.633,3539.754,3.232,4.525,0.896,4.923,10,3937,5483,66.801,3.232,1.249,0.801,0.877,3.646952191118429
1566,5.85,10.278,3918.552,3614.738,2.586,3.878,0.696,4.336,10,6063,5592,116.565,2.586,1.986,0.504,0.737,2.729185104880338
1567,3.343,5.864,2257.919,3676.794,1.939,1.939,1.0,2.742,10,3493,5688,135.0,1.939,1.229,0.814,0.941,2.0631141020432318
1568,55.156,30.297,3667.098,3712.993,8.403,10.343,0.755,10.661,10,5676,5744,104.036,8.085,1.466,0.682,0.825,8.38014321652158
1569,134608.803,1641.31,1.293,3731.739,269.554,621.849,0.628,622.094,10,2,5773,91.608,269.554,2.071,0.483,0.984,413.9918490128341
1570,2.089,4.949,3014.221,3739.496,1.293,1.939,1.0,2.331,10,4663,5788,56.31,1.293,1.553,0.644,0.909,1.6308885335766374
1571,16.296,15.763,464.124,3745.96,5.171,5.171,0.824,6.871,10,719,5795,131.186,3.657,1.956,0.511,0.848,4.555075369409843
1572,0.836,3.657,2031.028,3774.402,1.293,1.293,0.785,1.828,10,3142,5841,45.0,0.914,2.646,0.378,0.667,1.031711325613224
1573,144.576,57.695,3166.774,3784.098,12.928,21.978,0.546,23.423,10,4900,5854,117.979,10.407,2.635,0.38,0.875,13.567604078083605
1574,0.836,2.742,416.29,3829.347,1.293,0.646,1.0,1.445,10,644,5924,153.435,0.646,2.0,0.5,1.0,1.031711325613224
1575,1.671,4.949,4000.646,3874.596,1.293,1.939,0.857,2.044,10,6190,5994,108.435,1.293,1.468,0.681,0.8,1.4586237620621902
1576,0.836,2.742,2777.634,4064.641,1.293,0.646,1.0,1.445,10,4297,6288,153.435,0.646,2.0,0.5,1.0,1.031711325613224
1577,3.343,6.778,552.036,4071.752,1.939,2.586,0.914,2.891,10,855,6299,116.565,1.939,1.435,0.697,0.842,2.0631141020432318
1578,0.418,1.828,3242.405,4073.691,0.646,0.646,1.0,0.914,10,5016,6302,135.0,0.646,1.0,1.0,1.0,0.729530074568073
1579,68516.791,1156.1,3682.612,4149.321,282.482,357.466,0.644,384.568,10,5759,6470,124.037,247.236,1.588,0.63,0.933,295.361283481018
1580,36.771,22.384,1118.293,4191.338,8.403,5.818,0.922,8.792,10,1730,6487,162.897,5.818,1.498,0.667,0.912,6.842389297566799
1581,3.761,6.778,266.968,4237.88,1.939,2.586,1.0,2.891,10,414,6556,116.565,1.939,1.34,0.746,0.857,2.18829932316147
1582,94.016,42.403,528.119,4239.173,16.16,10.343,0.657,17.405,10,817,6564,158.199,7.972,2.233,0.448,0.875,10.940972947495164
1583,231.488,114.763,3087.912,4240.465,39.431,18.746,0.221,40.482,10,4778,6567,160.408,14.827,3.93,0.254,0.557,17.167984032251816
1584,185.107,63.938,193.277,4278.604,13.575,24.564,0.569,25.21,10,303,6621,112.62,11.602,2.547,0.393,0.874,15.352053686959662
1585,3.343,5.864,177.763,4279.897,1.939,1.939,1.0,2.742,10,275,6621,135.0,1.939,1.229,0.814,0.941,2.0631141020432318
1586,1.254,3.657,176.471,4284.421,1.293,1.293,1.0,1.828,10,273,6630,45.0,1.293,1.464,0.683,0.857,1.263583154801414
1587,2.089,4.949,187.46,4285.068,1.293,1.939,1.0,2.331,10,290,6629,123.69,1.293,1.553,0.644,0.909,1.6308885335766374
1588,0.836,3.121,173.239,4308.985,0.646,1.293,1.0,1.445,10,268,6666,116.565,0.646,2.0,0.5,1.0,1.031711325613224
1589,0.418,1.828,175.178,4335.488,0.646,0.646,1.0,0.914,10,271,6707,135.0,0.646,1.0,1.0,1.0,0.729530074568073
1590,31.339,24.434,3448.61,4362.637,9.696,4.525,0.66,10.221,10,5335,6749,161.565,4.525,2.528,0.396,0.838,6.316807270485247
1591,121.176,45.368,459.599,4364.577,13.575,14.221,0.74,18.746,10,711,6773,46.397,9.469,2.003,0.499,0.908,12.421194591214972
1592,4.178,8.071,113.122,4388.494,1.939,3.232,0.806,3.481,10,175,6789,111.801,1.939,1.853,0.54,0.8,2.3064246829028496
1593,123.265,70.586,2522.948,4413.704,20.039,25.856,0.311,30.491,10,3904,6828,122.005,9.142,4.908,0.204,0.67,12.5278039768261
1594,265.334,69.266,4479.638,4442.793,25.21,16.16,0.695,25.285,10,6930,6894,4.399,15.401,1.726,0.579,0.901,18.38025411583745
1595,13204.864,443.069,835.165,4527.473,141.564,117.647,0.845,143.387,10,1299,7152,26.796,117.647,1.217,0.822,0.98,129.66477944164228
1596,1.254,3.657,1101.487,4541.047,1.293,1.293,1.0,1.828,10,1704,7027,45.0,1.293,1.464,0.683,0.857,1.263583154801414
